Security Id,pdf1,pdf2,pdf3,pdf4
20MICRONS,"['https://www.bseindia.com/xml-data/corpfiling/AttachHis/7682a026-c6c0-46c3-b08a-a734257e49cb.pdf', 2024, 2]",,,
360ONE,"['https://www.bseindia.com/xml-data/corpfiling/AttachHis/edf37d15-c2a5-43f4-be29-974c680c05bc.pdf', 2024, 2]","['https://www.bseindia.com/xml-data/corpfiling/AttachHis/b0530ba9-4e81-4537-8b78-e7e64ece35d2.pdf', 2024, 1]","['https://www.bseindia.com/xml-data/corpfiling/AttachHis/eadb40cc-918e-4b5d-80ea-12372c47a258.pdf', 2023, 4]","['https://www.bseindia.com/xml-data/corpfiling/AttachHis/55860d29-6e97-4734-b91e-71482f274382.pdf', 2023, 3]"
3IINFOTECH,"['https://www.3i-infotech.com/wp-content/uploads/2023/11/Transcript-Q2FY24-Earnings-Call-3i-Infotech-Ltd.pdf', 2024, 2]","['https://www.3i-infotech.com/wp-content/uploads/2023/08/Transcript-Q1FY24-Earnings-Call-3i-Infotech.pdf', 2024, 1]",,
3MINDIA,,,,
3PLAND,,,,
5PAISA,,,,
63MOONS,,,,
7NR,,,,
7SEASL,,,,
AAL,,,,
AFEL,,,,
AKSPINTEX,,,,
AKCAPIT,,,,
A2ZINFRA,,,,
AAPLUSTRAD,,,,
AAATECH,,,,
AADIIND,,,,
AANANDALAK,,,,
AANCHALISP,,,,
AARSHYAM,,,,
AREYDRG,,,,
AARNAV,,,,
AARTECH,,,,
AARTIDRUGS,,,,
AARTIIND,,,,
AARTIPHARM,,,,
AARTISURF,,,,
AARVEEDEN,,,,
AASHKA,,,,
AASTAFIN,,,,
AAVAS,,,,
AAYUSH,,,,
ABAN,,,,
ABANSENT,,,,
AHL,,,,
ABATEAS,,,,
ABB,,,,
ABBOTINDIA,,,,
ABCGAS,,,,
ABCINDQ,,,,
ABHIJIT,,,,
ABHICAP,,,,
ALFL,,,,
ABHIFIN,,,,
ABHIINFRA,,,,
ABIRAFN,,,,
ABMKNO,,,,
ACC,,,,
ACCEDERE,,,,
ACCEL,,,,
ACCELERATE,,,,
ACCELYA,,,,
ACEEDU,,,,
ACEENGITEC,,,,
ACEMEN,,,,
ACESOFT,,,,
ACHYUT,,,,
ACIIN,,,,
ACKNIT,,,,
ACME,,,,
ACROW,,,,
ACE,,,,
ACTIVE,,,,
ADMANUM,,,,
ADANIENSOL,,,,
ADANIENT,,,,
ADANIGREEN,,,,
ADANIPORTS,,,,
ADANIPOWER,,,,
ATGL,,,,
AWL,,,,
ADARSH,,,,
ADARSHPL,,,,
ADCINDIA,,,,
ADCON,,,,
ASRL,,,,
ADDIND,,,,
ADESHWAR,,,,
ADFFOODS,,,,
ADHBHUTIN,,,,
ADHIRAJ,,,,
ADIEXRE,,,,
ADINATH,,,,
ADISHAKTI,,,,
ABCAPITAL,,,,
ABFRL,,,,
BIRLAMONEY,,,,
ABSLAMC,,,,
MOMENTUM,,,,
NIFTYQLITY,,,,
BSLNIFTY,,,,
ABSLBANETF,,,,
HEALTHY,,,,
ABSLNN50ET,,,,
BSLSENETFG,,,,
TECH,,,,
ACML,,,,
ADITYA,,,,
ADITYASP,,,,
AVL,,,,
ADLINE,,,,
ADORFO,,,,
ADORMUL,,,,
ADORWELD,,,,
ADROITINFO,,,,
ADVAIT,,,,
ADVLIFE,,,,
AMTL,,,,
ADVPETR-B,,,,
ASYL,,,,
ADVENZYMES,,,,
ADVANIHOTR,,,,
ADVIKCA,,,,
ADVIKLA,,,,
AEGISLOG,,,,
AEROFLEX,,,,
AERPACE,,,,
AETHER,,,,
AFFLE,,,,
AFFORDABLE,,,,
AGARWAL,,,,
AGARIND,,,,
AGI,,,,
AGIIL,,,,
AGIOPAPER,,,,
AGRITECH,,,,
ATFL,,,,
AGSTRA,,,,
AHASOLAR,,,,
AHLUCONT,,,,
AHMDSTE,,,,
AICHAMP,,,,
AIAENG,,,,
AIMCOPEST,,,,
AIRAN,,,,
AISHWARYA,,,,
AJANTPHARM,,,,
AJANTSOY,,,,
AJCON,,,,
AJEL,,,,
AJMERA,,,,
AJWAFUN,,,,
AAIL,,,,
AKI,,,,
AKM,,,,
AKSHOPTFBR,,,,
AKSHAR,,,,
AKSCHEM,,,,
AKZOINDIA,,,,
ALSL,,,,
ALAN SCOTT,,,,
ALANKIT,,,,
ALBERTDA,,,,
ALCHCORP,,,,
ALEMBICLTD,,,,
APLLTD,,,,
ALEXANDER,,,,
ALFAICA,,,,
ALFATRAN,,,,
ALFAVIO,,,,
ALFREDHE,,,,
AQFINTECH,,,,
ALICON,,,,
ALKALI,,,,
ALKEM,,,,
ALKOSIGN,,,,
ALKYLAMINE,,,,
ALLCARGO,,,,
ATL,,,,
AIML,,,,
ADSL,,,,
ALLSEC,,,,
ALMONDZ,,,,
ALNATRD,,,,
ALOKTEXT,,,,
ALPA,,,,
ALPHAGEO,,,,
ALPHAIND,,,,
ALPHALOGIC,,,,
ALPINEHOU,,,,
ALPSINDUS,,,,
ALSTONE,,,,
ALUFLUOR,,,,
AMAL,,,,
AMALGAM,,,,
AMANAYA,,,,
ARE&M,,,,
AMARJOTHI,,,,
AMARSEC,,,,
AEL,,,,
AMBALALSA,,,,
AMBARPIL,,,,
AIHL,,,,
AMBER,,,,
AMBICAAGAR,,,,
AMBIKCO,,,,
AMBITION,,,,
AMBIT,,,,
AMBOAGRI,,,,
AMBUJACEM,,,,
AMCOIND,,,,
AMDIND,,,,
AMERISE,,,,
AMFORG,,,,
AMIORG,,,,
AMINTAN,,,,
AMNPLST,,,,
AMITINT,,,,
AMJLAND,,,,
ACFSL,,,,
AMRAFIN,,,,
AMRAPLIN,,,,
AMRAAGRI,,,,
AMRUTANJAN,,,,
AMS,,,,
ANANDPROJ,,,,
ANANDRATHI,,,,
ARL,,,,
ANANTRAJ,,,,
ACL,,,,
ANDHRAPAP,,,,
ANDHRAPET,,,,
ANDHRSUGAR,,,,
ANDREWYU,,,,
ANERI,,,,
ANG,,,,
ANGEL,,,,
ANGELONE,,,,
ANIKINDS,,,,
ANJANIFIN,,,,
ANJANIFOODS,,,,
APCL,,,,
ANJANI,,,,
ANKIN,,,,
ANKITMETAL,,,,
ANMOL,,,,
ANNAINFRA,,,,
ANSINDUS,,,,
ANSALBU,,,,
ANSALHSG,,,,
ANSALAPI,,,,
ANSHNCO,,,,
ANTARIKSH,,,,
AWHCL,,,,
ANUHPHR,,,,
ANUPAM,,,,
ANURAS,,,,
ANUROOP,,,,
APARINDS,,,,
APCOTEXIND,,,,
ACFL,,,,
APEX,,,,
APIS,,,,
APLAPOLLO,,,,
APLAB,,,,
APMIN,,,,
APOLLOFI,,,,
APOLLOHOSP,,,,
APOLLO,,,,
APOLLOPIPES,,,,
APOLLOTYRE,,,,
APOORVA,,,,
APTPACK,,,,
APTECHT,,,,
APTUS,,,,
ARAVALIS,,,,
ARCFIN,,,,
ARCEEIN,,,,
SSLFINANCE,,,,
ACI,,,,
ADL,,,,
ARCHIDPLY,,,,
ARCHIES,,,,
ARCHITORG,,,,
ARCL,,,,
AREXMIS,,,,
ARFIN,,,,
ARIES,,,,
ARIHCAPM,,,,
ARIHANT,,,,
ASL,,,,
ARISE,,,,
ARISINT,,,,
ARMANFIN,,,,
ARMAN,,,,
ARNOLD,,,,
AROGRANITE,,,,
AROMAENT,,,,
ARROWGREEN,,,,
ARSHIYA,,,,
ARSSINFRA,,,,
ARTEFACT,,,,
AEPL,,,,
ARTEMISMED,,,,
ARTSONEN,,,,
ARUNAHTEL,,,,
ARUNIS,,,,
ABVL,,,,
ARVINDFASN,,,,
ARVIND,,,,
ARVSMART,,,,
ARYACAPM,,,,
ARYAMAN,,,,
ARYAN,,,,
ARYAVAN,,,,
ASAHIINDIA,,,,
ASAHISONG,,,,
ASARFI,,,,
ASHAPURMIN,,,,
AGOL,,,,
ASHAI,,,,
ASHIANA,,,,
ASHIS,,,,
ASHIKA,,,,
ASHIMASYN,,,,
ASHCAP,,,,
ASHSI,,,,
ASHISHPO,,,,
ASHNI,,,,
ASHNOOR,,,,
ASHOKALC,,,,
ASHOKLEY,,,,
ASHOKA,,,,
ASHOKAMET,,,,
ASHOKRE,,,,
ASHRAM,,,,
ASHUTPM,,,,
ASIIL,,,,
ASIACAP,,,,
ASIAPAK,,,,
ASIANENE,,,,
ASFLORA,,,,
ASIANTILES,,,,
AHLEAST,,,,
ASIANHOTNR,,,,
ASIANPAINT,,,,
ASINPET,,,,
ASTAR,,,,
ASIANTNE,,,,
ASIAN,,,,
ASITCFIN,,,,
ASMTEC,,,,
ASPIRA,,,,
ASSAMENT,,,,
ASALCBR,,,,
ASSOCER,,,,
ASTEC,,,,
ASTERDM,,,,
ASTRAMICRO,,,,
ASTRAL,,,,
ASTRAZEN,,,,
ASTRON,,,,
ASUTENT,,,,
ATALREAL,,,,
ATAM,,,,
ATHARVENT,,,,
ATHCON,,,,
ATHENAGLO,,,,
ATISHAY,,,,
ATLANTA,,,,
ATULAUTO,,,,
ATUL,,,,
ATVPR,,,,
AUBANK,,,,
AURIONPRO,,,,
AUROLAB,,,,
AUROPHARMA,,,,
AURUM,,,,
AUSOMENT,,,,
AUSTENG,,,,
AIIL,,,,
AUTOPINS,,,,
AUTOIND,,,,
ACGL,,,,
AUTOAXLES,,,,
ASAL,,,,
AUTOINT,,,,
AVADHSUGAR,,,,
AVAILFC,,,,
AVALON,,,,
AVANCE,,,,
AVANTEL,,,,
AVANTI,,,,
AVASARA,,,,
AVEER,,,,
DMART,,,,
AVG,,,,
AVI,,,,
APIL,,,,
AVIVA,,,,
AVONMORE,,,,
AVROIND,,,,
AVTNPL,,,,
AXELPOLY,,,,
AXISBANK,,,,
AXISHETF,,,,
AXISCETF,,,,
AXISTECETF,,,,
AXISPEGP,,,,
AXISCADES,,,,
AXITA,,,,
AXTEL,,,,
AYMSYNTEX,,,,
AYOME,,,,
BNALTD,,,,
BRRL,,,,
BPCAP,,,,
BAGFILMS,,,,
BCP,,,,
BLKASHYAP,,,,
BNRSEC,,,,
BAPACK,,,,
BBTCL,,,,
B2BSOFT,,,,
BABA,,,,
BACPHAR,,,,
BAFNAPHARM,,,,
BAIDFIN,,,,
BAJAJ-AUTO,,,,
BAJAJCON,,,,
BAJAJELEC,,,,
BAJFINANCE,"['https://www.bseindia.com/xml-data/corpfiling/AttachHis/01bb9206-59b1-494c-845a-c48f419a6267.pdf', 2024, 2]",,"['https://www.bseindia.com/xml-data/corpfiling/AttachHis/5d92a755-d1bb-423f-8309-3fdb32a9fa8a.pdf', 2023, 4]","['https://www.bseindia.com/xml-data/corpfiling/AttachHis/6e7ddefe-9c08-4cd0-a639-173cf2f6bc0b.pdf', 2023, 3]"
BAJAJFINSV,,,,
BAJGLOB,,,,
BAJAJHCARE,,,,
BAJAJHIND,,,,
BAJAJHLDNG,,,,
BAJAJST,,,,
BALPHARMA,,,,
BALAMINES,,,,
BALAJITELE,,,,
BALGOPAL,,,,
BALKRISIND,,,,
BALKRISHNA,,,,
BALMLAWRIE,,,,
BLIL,,,,
BALRAMCHIN,,,,
BALUFORGE,,,,
BALTE,,,,
BAMBINO,,,,
BAMPSL,,,,
BANARBEADS,,,,
BANASFN,,,,
BANCOINDIA,,,,
BANDARAM,,,,
BANDHANBNK,,,,
BANG,,,,
BFFL,,,,
BANKBARODA,,,,
BANKINDIA,,,,
MAHABANK,,,,
BASML,,,,
BANARISUG,,,,
BRPL,,,,
BANSTEA,,,,
BANSWRAS,,,,
BVCL,,,,
BARBEQUE,,,,
BAROEXT,,,,
BARODARY,,,,
BARONINF,,,,
ASMS,,,,
BASANTGL,,,,
BASF,,,,
BATAINDIA,,,,
BATLIBOI,,,,
BAYERCROP,,,,
BAZELINTER,,,,
BCCFUBA,,,,
BCLENTERPR,,,,
BCLIL,,,,
BCPL,,,,
BDH,,,,
BEARDSELL,,,,
BEDMUTHA,,,,
BNL,,,,
BEEKAY,,,,
BEEYU,,,,
BELLACASA,,,,
BEMHY,,,,
BLAL,,,,
BEML,,,,
BENARA,,,,
BENARAS,,,,
BENGALASM,,,,
BENGALS,,,,
BENGALT,,,,
BENTCOM,,,,
BERGEPAINT,,,,
BERVINL,,,,
BERLDRG,,,,
BERYLSE,,,,
BESTAGRO,,,,
BESTEAST,,,,
BETXIND,,,,
BFINVEST,,,,
BFUTILITIE,,,,
BFLAFL,,,,
BGIL,,,,
BGRENERGY,,,,
BHAGIL,,,,
BHAGCHEM,,,,
BGWTATO,,,,
BHAGWOX,,,,
BHAGYNAGAR,,,,
BGJL,,,,
BHANDHOS,,,,
BHANDERI,,,,
BEPL,,,,
ICICIB22,,,,
BHARATAGRI,,,,
BHARAT,,,,
BBL,,,,
BDL,,,,
BEL,,,,
BHARATFORG,,,,
BHARATGEAR,,,,
BHEL,,,,
BIBCL,,,,
BPLPHARMA,,,,
BPCL,,,,
BHARATRAS,,,,
BRNL,,,,
BHARATSE,,,,
BHATEXT,,,,
BHARATWIRE,,,,
BGLOBAL,,,,
BHARTIARTL,,,,
BIL,,,,
BHASKAGR,,,,
BCCL,,,,
BHATIA,,,,
BHEEMACEM,,,,
BHILSPIN,,,,
BTTL,,,,
BHUDEVI,,,,
BIGBLOC,,,,
BIHSPONG,,,,
BIJHANS,,,,
BIKAJI,,,,
BI,,,,
BILLWIN,,,,
BIMETAL,,,,
BINANIIND,,,,
ZBINTXPP,,,,
BINDALEXPO,,,,
BINNY,,,,
BINNYMILLS,,,,
BIOCON,,,,
BIOFILCHEM,,,,
BIOGEN,,,,
BIRLACABLE,,,,
BIRLACORPN,,,,
BIRLAPREC,,,,
BSOFT,,,,
BISIL,,,,
BITS,,,,
BIZOTIC,,,,
BKMINDST,,,,
BKV,,,,
BBOX,,,,
BLACKROSE,,,,
BLBLIMITED,,,,
BLISSGVS,,,,
BLOOM,,,,
BLOIN,,,,
BLSINFOTE,,,,
BLS,,,,
BLUECHIP,,,,
BLUECHIPT,,,,
BLUECLOUDS,,,,
BLUECOAST,,,,
BLUEDART,,,,
BLUEJET,,,,
BPTEX,,,,
BLUESTARCO,,,,
BMBMUMG,,,,
BMW,,,,
BNHOLDINGS,,,,
BNRUDY,,,,
BODALCHEM,,,,
BTML,,,,
BODHTREE,,,,
BBTC,,,,
BOMBCYC,,,,
BOMDYEING,,,,
BOMOXY-B1,,,,
BOMTALKIES,,,,
BOMBWIR,,,,
BONDADA,,,,
BONLON,,,,
BOROLTD,,,,
BORORENEW,,,,
BOSCHLTD,,,,
BMAL,,,,
BPL,,,,
BRADYM,,,,
BRAHMINFRA,,,,
BCONCEPTS,,,,
BRANDBUCKT,,,,
BRAWN,,,,
BRIDGESE,,,,
BRIGADE,,,,
BRIGHTBR,,,,
BRIGHT,,,,
BCG,,,,
BRIJLEAS,,,,
BRIPORT,,,,
BRITANNIA,,,,
BITL,,,,
BROOKS,,,,
BSELINFRA,,,,
BSL,,,,
BURNPUR,,,,
BUTTERFLY,,,,
MAPMYINDIA,,,,
CJGEL,,,,
CALCOM,,,,
CALSOFT,,,,
CTE,,,,
CAMEXLTD,,,,
CAMLINFINE,,,,
CAMPUS,,,,
CANFINHOME,,,,
CANBK,,,,
CANDOUR,,,,
CANOPYFIN,,,,
CANTABIL,,,,
CAPACITE,,,,
CAPFIN,,,,
CIFL,,,,
CTL,,,,
CAPITALT,,,,
CAPPL,,,,
CGCL,,,,
CAPRICORN,,,,
CAPRIHANS,,,,
CAPRO,,,,
CAPPIPES,,,,
CPL,,,,
CTCL,,,,
CARBORUNIV,,,,
CARERATING,,,,
CAREERP,,,,
CARGOSOL,,,,
CARGOTRANS,,,,
CARNATIN,,,,
CARTRADE,,,,
CARYSIL,,,,
CASPIAN,,,,
CASTROLIND,,,,
CATVISION,,,,
CCLINTER,,,,
CCL,,,,
CDG,,,,
CEATLTD,,,,
CEEJAY,,,,
CEENIK,,,,
CEETAIN,,,,
CEINSYSTECH,,,,
CELEBRITY,,,,
CELLA,,,,
CELLO,,,,
CENLUB,,,,
CSURGSU,,,,
CENTRALBK,,,,
CENTRUM,,,,
CENTUM,,,,
CENTENKA,,,,
CENTEXT,,,,
CENTURYPLY,,,,
CENTURYTEX,,,,
CERA,,,,
CEREBRAINT,,,,
CESL,,,,
CESC,,,,
CFF,,,,
CGPOWER,,,,
CGVAK,,,,
CHADPAP,,,,
CHALET,,,,
CHAMANSEQ,,,,
CHMBBRW,,,,
CHAMBLFERT,,,,
CHANDNIMACH,,,,
CBPL,,,,
CHANDRAP,,,,
CHANDRIMA,,,,
CNEL,,,,
CHARMS,,,,
CHRTEDCA,,,,
CHLOGIST,,,,
CHDCHEM,,,,
CHECKPOINT,,,,
CHEMBOND,,,,
CHEMCON,,,,
CHEMCRUX,,,,
CHEMFABALKA,,,,
CHEMIESYNT,,,,
CHEMOPH,,,,
CHEMPLASTS,,,,
CHEMTECH,,,,
CHENFERRO,,,,
CMMHOSP,,,,
CHENNPETRO,,,,
CHEVIOT,,,,
CHITRTX,,,,
CHLLTD,,,,
CHOICEIN,,,,
CHOKSI,,,,
CHOKSILA,,,,
CHOLAHLDNG,,,,
CHOLAFIN,,,,
CHORDIA,,,,
CHOTHANI,,,,
CHOWGULSTM,,,,
CIANAGRO,,,,
CHCL,,,,
CIEINDIA,,,,
CIGNITI,,,,
CNOVAPETRO,,,,
CILSEC,,,,
CINDRELL,,,,
CINDHO,,,,
CINELINE,,,,
CINERAD,,,,
CINEVISTA,,,,
CIPLA,,,,
CISTRO,,,,
CITADEL,,,,
CITIPOR,,,,
CIL,,,,
CCAL,,,,
CITYONLINE,,,,
CPML,,,,
CUB,,,,
CITYMAN,,,,
CITYON,,,,
CLEDUCATE,,,,
CLEDUCATE7,,,,
CLARA,,,,
CLASELE,,,,
CFL,,,,
CCFCL,,,,
CLFL,,,,
CLEAN,,,,
CLIOINFO,,,,
CMI,,,,
CMSINFO,,,,
CNIRESLTD,,,,
COALINDIA,,,,
COASTCORP,,,,
COARO,,,,
COCHMAL,,,,
COCHINM,,,,
COCHINSHIP,,,,
COFFEEDAY,,,,
COFORGE,,,,
COLABCLOUD,,,,
COLPAL,,,,
COLINZ,,,,
COLORCHIPS,,,,
COMCL,,,,
COMFINCAP,,,,
COMFINTE,,,,
COMMAND,,,,
COMSYN,,,,
COMPEAU,,,,
COMPUAGE,,,,
COMPUSOFT,,,,
CAMS,,,,
COMPUPN,,,,
COMRADE,,,,
CONART,,,,
CONCORDBIO,,,,
CNCRD,,,,
CONCORD,,,,
CONCRETE,,,,
CONFINT,,,,
CFEL,,,,
CONFIPET,,,,
CITL,,,,
CONSTRONIC,,,,
CONTAINE,,,,
CONCOR,,,,
CONTAINER,,,,
CONTILI,,,,
CONTCHM,,,,
CONTICON,,,,
CONTPTR,,,,
CSL,,,,
CONTROLPR,,,,
CORALFINAC,,,,
CORALAB,,,,
CORNE,,,,
CORDSCABLE,,,,
CORAGRO,,,,
COROENGG,,,,
COROMANDEL,,,,
CORPOCO,,,,
CMBL,,,,
COSCO,,,,
COSMICCRF,,,,
COSMOFE,,,,
COSMOFIRST,,,,
COSPOWER,,,,
COSYN,,,,
CCHHL,,,,
COUNCODOS,,,,
COVIDH,,,,
CPSEETF,,,,
CRAFTSMAN,,,,
CRANEINFRA,,,,
CRANESSOFT,,,,
CRANEX,,,,
CRAVATEX,,,,
CREATIVE,,,,
CREATIVEYE,,,,
CGFL,,,,
CREDITACC,,,,
CRESSAN,,,,
CREST,,,,
CRSTCHM,,,,
CRIMSON,,,,
CRISIL,,,,
CROISSANCE,,,,
CROMPTON,,,,
CROPSTER,,,,
CSBBANK,,,,
CSLFINANCE,,,,
CUBEXTUB,,,,
CUBIFIN,,,,
CUMMINSIND,,,,
CUPID,,,,
CYBELEIND,,,,
CYBERMEDIA,,,,
CYBERTECH,,,,
CYIENTDLM,,,,
CYIENT,,,,
DBCORP,,,,
DBREALTY,,,,
DLINKINDIA,,,,
DPWIRES,,,,
DHINDIA,,,,
DABUR,,,,
DAICHI,,,,
DAIKAFFI,,,,
DSINVEST,,,,
DALBHARAT,,,,
DALMIASUG,,,,
DAMOINDUS,,,,
DANLAW,,,,
DANUBE,,,,
DAPS,,,,
DARJEELING,,,,
DARSHANORNA,,,,
DATAPATTNS,,,,
DATAMATICS,,,,
DATIWARE,,,,
DAULAT,,,,
DAVANGERE,,,,
DBSTOCKBRO,,,,
DCI,,,,
DCBBANK,,,,
DCMFINSERV,,,,
DCM,,,,
DCMNVL,,,,
DCMSRMIND,,,,
DCMSHRIRAM,,,,
DCW,,,,
DCXINDIA,,,,
DDEVPLASTIK,,,,
DENORA,,,,
DECANBRG,,,,
DECCANCE,,,,
DECNGOLD,,,,
DECCAN,,,,
DECPO,,,,
DFL,,,,
DECIPHER,,,,
DECOMIC,,,,
DITCO,,,,
DDIL,,,,
DEEPENR,,,,
DEEPIND,,,,
DEEP,,,,
DEEPAKFERT,,,,
DEEPAKNI,,,,
DEEPAKSP,,,,
DELHIVERY,,,,
DELPHIFX,,,,
DELTACORP,,,,
DELTA,,,,
DELTAMAGNT,,,,
DLTNCBL,,,,
DEN,,,,
DENISCHEM,,,,
DESHRAK,,,,
DEVIT,,,,
DEVLAB,,,,
DEVINE,,,,
DEVITRD,,,,
DEVYANI,,,,
DHABRIYA,,,,
DBOL,,,,
DHAMPURSUG,,,,
DHAMPURE,,,,
DHANADACO,,,,
DHANROTO,,,,
DEL,,,,
DHANI,,,,
DHANBANK,,,,
DHANCOT,,,,
DHANFAB,,,,
DHANUKA,,,,
ZDHJERK,,,,
DHARFIN,,,,
DHARMAJ,,,,
DHARNI,,,,
DHATRE,,,,
DHENUBUILD,,,,
DHOOTIN,,,,
DHPIND,,,,
DHRUV,,,,
DWL,,,,
DHRUVCA,,,,
DHUNINV,,,,
DHUNTEAIND,,,,
DVL,,,,
DHYAANI,,,,
DIAMANT,,,,
DIAMINESQ,,,,
DIACABS,,,,
DIANATEA,,,,
DICIND,,,,
DML,,,,
DGCONTENT,,,,
DIGISPICE,,,,
DIGJAMLTD,,,,
DIKSAT,,,,
DGL,,,,
DILIGENT,,,,
DNAMEDIA,,,,
DBL,,,,
DPL,,,,
DISAQ,,,,
DISHTV,,,,
DRL,,,,
DCAL,,,,
DIVGIITTS,,,,
DIVISLAB,,,,
DIVSHKT,,,,
DIXON,,,,
DJML,,,,
DLF,,,,
DMCC,,,,
DMR,,,,
DODLA,,,,
DOLATALGO,,,,
DOLFIN,,,,
DOLLAR,,,,
DOLPHMED,,,,
DOLPHINOFF,,,,
DONEAR,,,,
DLCL,,,,
LALPATHLAB,,,,
DRAGARWQ,,,,
DRREDDY,,,,
DRA,,,,
DRCSYSTEMS,,,,
DREAMFOLKS,,,,
DREDGECORP,,,,
DRONACHRYA,,,,
KEEPLEARN,,,,
DSPNEWETF,,,,
DSPN50ETF,,,,
DSPBANKETF,,,,
DSPITETF,,,,
DSPQ50ETF,,,,
DSPPSBKETF,,,,
DSPPVBKETF,,,,
DSPSENXETF,,,,
DUCON,,,,
DUKEOFS,,,,
DUNCANENG,,,,
DUROPACK,,,,
DUROPLY,,,,
DUTRON,,,,
DWARKESH,,,,
DSSL,,,,
DYNAMATECH,,,,
DAL,,,,
DYNAMIC,,,,
DYNAMIND,,,,
DYNAMICP,,,,
DYNAVSN,,,,
DYNPRO,,,,
ELAND,,,,
EIDPARRY,,,,
EARTH,,,,
EARUM,,,,
EASTBUILD,,,,
ECSTSTL,,,,
EASTWEST,,,,
ELIL,,,,
EASTSILK,,,,
EASTRED,,,,
EASUN,,,,
EASYFIN,,,,
EASEMYTRIP,,,,
ECLERX,,,,
EFPL,,,,
ECOHOTELS,,,,
ECORECO,,,,
ECOBOAR,,,,
ETIL,,,,
ECOPLAST,,,,
ECS,,,,
EDELWEISS,,,,
EDUCOMP,,,,
EDVENSWA,,,,
EDSL,,,,
EFCIL,,,,
EICHERMOT,,,,
EIGHTY,,,,
EIHAHOTELS,,,,
EIHOTEL,,,,
EIKO,,,,
EIMCOELECO,,,,
EKAMLEA,,,,
EKANSH,,,,
EKENNIS,,,,
EKI,,,,
ELFORGE,,,,
ELANGO,,,,
ELANTAS,,,,
ELCIDIN,,,,
ELDEHSG,,,,
ELECON,,,,
EMIL,,,,
ELECTCAST,,,,
ELECTHERM,,,,
ELEFLOR,,,,
ELEMARB,,,,
ELGIEQUIP,,,,
ELIN,,,,
ELITECON,,,,
ELIXIR,,,,
ELNET,,,,
ELPROINTL,,,,
EMAINDIA,,,,
EMAMILTD,,,,
EMAMIPAP,,,,
EMAMIREAL,,,,
EMERALD,,,,
EMERALL,,,,
EMERGENT,,,,
EMKAY,,,,
EMMBI,,,,
EMMESSA,,,,
EMPIND,,,,
EMPOWER,,,,
EMSLIMITED,,,,
EMUDHRA,,,,
ENBETRD,,,,
ENCASH,,,,
ENCODE,,,,
ENDURANCE,,,,
ENERGYDEV,,,,
ENGINERSIN,,,,
ENKEIWHEL,,,,
ENTRINT,,,,
ENIL,,,,
ENVAIREL,,,,
EPBIO,,,,
EPIC,,,,
EPIGRAL,,,,
EPL,,,,
EPSOMPRO,,,,
EQUIPPP,,,,
EQUITASBNK,,,,
ERIS,,,,
EROSMEDIA,,,,
ERPSOFT,,,,
ESARIND,,,,
ESABINDIA,,,,
ESAFSFB,,,,
ESCORP,,,,
ESCORTS,,,,
ESHAMEDIA,,,,
ESPIRE,,,,
ESSARSEC,,,,
ESSARSHPNG,,,,
ESTER,,,,
ETHOSLTD,,,,
ETT,,,,
EUREKAFORBE,,,,
EUREKAI,,,,
EUROASIA,,,,
EUROLED,,,,
EUROTEXIND,,,,
EVANS,,,,
EVEREADY,,,,
EVERESTIND,,,,
EKC,,,,
EVERESTO,,,,
EVERTEX,,,,
EVERFIN,,,,
EVEXIA,,,,
EVOQ,,,,
EXCELINDUS,,,,
EXCEL,,,,
EXHICON,,,,
EXIDEIND,,,,
EXPLEOSOL,,,,
EXPLICITFIN,,,,
EXPOGAS,,,,
EXXARO,,,,
EY,,,,
FMEC,,,,
FABINO,,,,
FACORALL,,,,
FAIRCHEMOR,,,,
FAMILYCARE,,,,
FAZE3Q,,,,
FCSSOFT,,,,
FDC,,,,
FEDERALBNK,,,,
FMGOETZE,,,,
FERMENTA,,,,
FACT,,,,
FERVENTSYN,,,,
FGP,,,,
FIBERWEB,,,,
FIEMIND,,,,
FILATFASH,,,,
FILATEX,,,,
FILTRA,,,,
FINEORG,,,,
FINELINE,,,,
FCL,,,,
FINKURVE,,,,
FINOPB,,,,
FINCABLES,,,,
FINOLEXIND,,,,
1STCUS,,,,
FIRSTFIN,,,,
FSL,,,,
FISCHER,,,,
FIVESTAR,,,,
FLEXFO,,,,
FLEXITUFF,,,,
FLOMIC,,,,
FLORACORP,,,,
FLORATX,,,,
FLUIDOM,,,,
FOCUS,,,,
FONE4,,,,
FOODSIN,,,,
FORBESCO,,,,
FORCEMOT,,,,
FORTIS,,,,
FORTISMLR,,,,
FORINTL,,,,
FOSECOIND,,,,
FFPL,,,,
4THGEN,,,,
FRANKLININD,,,,
FRANKLIN,,,,
FRASER,,,,
FREDUN,,,,
FRSHTRP,,,,
FRONTCAP,,,,
FRONTSP,,,,
FRONTCORP,,,,
FRUTION,,,,
NYKAA,,,,
FUNDVISER,,,,
FUSION,,,,
FCONSUMER,,,,
FEL,,,,
FELDVR,,,,
FLFL,,,,
FMNL,,,,
FRETAIL,,,,
FSC,,,,
FUTURSEC,,,,
FUTSOL,,,,
GGENG,,,,
GMPL,,,,
GNA,,,,
GRINFRA,,,,
GTEIT,,,,
GKP,,,,
GDTRAGN,,,,
GGAUTO,,,,
GGDANDE,,,,
GKCONS,,,,
GMBREW,,,,
GSAUTO,,,,
GABRIEL,,,,
GATECH,,,,
GATECHDVR,,,,
ZGAEKWAR,,,,
GAGAN,,,,
GAIL,,,,
GAJANANSEC,,,,
GGPL,,,,
GALACTICO,,,,
GALADAFIN,,,,
GALAGEX,,,,
GALXBRG,,,,
GCKL,,,,
GALAXYSURF,,,,
GALLANTT,,,,
GALLOPENT,,,,
GANDHITUBE,,,,
GANESHBE,,,,
GFIL,,,,
GANHOLD,,,,
GANESHHOUC,,,,
GANECOS,,,,
GANVERSE,,,,
GANGAPA,,,,
GANGAPHARM,,,,
GANGESSEC,,,,
GANGOTRI,,,,
GANONPRO,,,,
GARBIFIN,,,,
GRSE,,,,
GARGFUR,,,,
GARMNTMNTR,,,,
GARNET,,,,
GARNETINT,,,,
GARODCH,,,,
GRWRHITECH,,,,
GARWAMAR,,,,
GARWSYN,,,,
GARFIBRES,,,,
GATEWAY,,,,
GATI,,,,
GEL,,,,
GGL,,,,
GAYATRIBI,,,,
GAYAHWS,,,,
GAYAPROJ,,,,
GAYATRI,,,,
GCMCAPI,,,,
GCMCOMM,,,,
GCMSECU,,,,
GDLLEAS,,,,
GEPIL,,,,
GET&D,,,,
GEE,,,,
GEECEE,,,,
GEETANJ,,,,
GEMSPIN,,,,
GEMSI,,,,
GICRE,,,,
GENCON,,,,
GENESIS,,,,
GENESYS,,,,
GENNEX,,,,
GVBL,,,,
GENPHARMA,,,,
GENSOL,,,,
GENUSPAPER,,,,
GENUSPOWER,,,,
GENUSPRIME,,,,
GEOJITFSL,,,,
GETALONG,,,,
GFLLIMITED,,,,
GHCL,,,,
GHCLTEXTIL,,,,
GIANLIFE,,,,
GICHSGFIN,,,,
GILADAFINS,,,,
GILLANDERS,,,,
GILLETTE,,,,
GINISILK,,,,
GINNIFILA,,,,
GITARENEW,,,,
GKB,,,,
GLANCE,,,,
GLAND,,,,
GLAXO,,,,
GLS,,,,
GLENMARK,,,,
GLITTEKG,,,,
GLOBALCA,,,,
MEDANTA,,,,
GLHRL,,,,
GLOBOFFS,,,,
GSLSU,,,,
GLOBALVECT,,,,
GSTL,,,,
GLCL,,,,
GLOBUSCON,,,,
GLOBUSSPR,,,,
GLOSTERLTD,,,,
GMM,,,,
GMRINFRA,,,,
GMRP&UI,,,,
GOCOLORS,,,,
GOACARBON,,,,
GOBLIN,,,,
GOCLCORP,,,,
GODAVARI,,,,
GPIL,,,,
GODFRYPHLP,,,,
GODREJAGRO,,,,
GODREJCP,,,,
GODREJIND,,,,
GODREJPROP,,,,
GOEL,,,,
GBFL,,,,
GOENKA,,,,
GOGIACAP,,,,
GOKAKTEX,,,,
GOKEX,,,,
GOKULAGRO,,,,
GOKUL,,,,
GOLDCOINHF,,,,
GOLDLINE,,,,
ZGOLDINV,,,,
GOLCA,,,,
GOLDENCREST,,,,
GOLDENTOBC,,,,
GOLDIAM,,,,
GOLDTECH,,,,
GOLECHA,,,,
GOLKONDA,,,,
GOLKUNDIA,,,,
GOODLUCK,,,,
GOODRICKE,,,,
GOODYEAR,,,,
GOPAIST,,,,
GORANIN,,,,
GOTHIPL,,,,
GOWRALE,,,,
GOYALALUM,,,,
GOYALASS,,,,
GULFPETRO,,,,
GPTINFRA,,,,
GRANDFONRY,,,,
GRANULES,,,,
GRAPHITE,,,,
GRASIM,,,,
GRATEXI,,,,
GRAUWEIL,,,,
GRAVISSHO,,,,
GRAVITA,,,,
GRAVITY,,,,
GESHIP,,,,
GREAVESCOT,,,,
GREENCREST,,,,
GRNLAMIND,,,,
GREENPANEL,,,,
GREENPLY,,,,
GCSL,,,,
GRINDWELL,,,,
GRMOVER,,,,
GROVY,,,,
GROWINGTON,,,,
GRPLTD,,,,
GSBFIN,,,,
GSLSEC,,,,
GSS,,,,
GTLINFRA,,,,
GTL,,,,
GTNINDS,,,,
GTNTEX,,,,
GTPL,,,,
GTV,,,,
GUFICBIO,,,,
GUJALKALI,,,,
GAEL,,,,
GUJAPOLLO,,,,
GUJCONT,,,,
GUJCOTEX,,,,
GUJCRAFT,,,,
GUJCRED,,,,
FLUOROCHEM,,,,
GUJGAS,,,,
GUJHOTE,,,,
GUJHYSPIN,,,,
GIPCL,,,,
GUJINJEC,,,,
GUJINTRX,,,,
GUJINV,,,,
GLFL,,,,
GMETCOAL,,,,
GMDCLTD,,,,
GNFC,,,,
GNRL,,,,
GUJPETR,,,,
GPPL,,,,
GUJARATPOLY,,,,
GUJRAFIA,,,,
GSFC,,,,
GUJSTATFIN,,,,
GSPL,,,,
GUJTERC,,,,
GUJTHEM,,,,
GUJTLRM,,,,
GUJCMDS,,,,
GULFOILLUB,,,,
GULPOLY,,,,
GVFILM,,,,
GVKPIL,,,,
GYANDEV,,,,
HGINFRA,,,,
HPCOTTON,,,,
HOTLSILV,,,,
HALDER,,,,
HALDYNGL,,,,
HANMAN,,,,
HAPPSTMNDS,,,,
HARDCAS,,,,
HARDWYN,,,,
HARIGOV,,,,
HARIAAPL,,,,
HARIAEXPO,,,,
HARIOMPIPE,,,,
HARISH,,,,
HRYNSHP,,,,
HVL,,,,
HRMNYCP,,,,
HARRMALAYA,,,,
HARSHA,,,,
HARSHILAGR,,,,
HARYNACAP,,,,
HARLETH,,,,
HASJUICE,,,,
HASTIFIN,,,,
HATHWAYB,,,,
HATHWAY,,,,
HATSUN,,,,
HAVELLS,,,,
HAWAENG,,,,
HAWKINCOOK,,,,
HAZOOR,,,,
HBESD,,,,
HBLEAS,,,,
HBPOR,,,,
HBSTOCK,,,,
HBLPOWER,,,,
HCKKVENTURE,,,,
HCL-INSYS,,,,
HCLTECH,"['https://www.bseindia.com/xml-data/corpfiling/AttachHis/bc34d91a-ac99-4f6d-877e-b2a9d7e2ced9.pdf', 2024, 2]","['https://www.bseindia.com/xml-data/corpfiling/AttachHis/42571c99-4dd4-438b-a3a1-d5fc36058c35.pdf', 2024, 1]","['https://www.bseindia.com/xml-data/corpfiling/AttachHis/c037df4d-c831-49d4-a905-18ab176a1921.pdf', 2023, 4]","['https://www.bseindia.com/xml-data/corpfiling/AttachHis/5f0287de-49c5-4052-b840-6ecef4dfd633.pdf', 2023, 3]"
HPBL,,,,
HDFCAMC,,,,
HDFCBANK,,,,
HDFCLIFE,,,,
HDFCNEXT50,,,,
HDFCNIF100,,,,
HDFCNIFTY,,,,
HDFCNIFBAN,,,,
HDFCGROWTH,,,,
HDFCNIFIT,,,,
HDFCMID150,,,,
HDFCPVTBAN,,,,
HDFCSML250,,,,
HDFCLOWVOL,,,,
HDFCQUAL,,,,
HDFCMOMENT,,,,
HDFCVALUE,,,,
HDFCBSE500,,,,
HDFCSENSEX,,,,
HEADSUP,,,,
HCG,,,,
HEALINV,,,,
HEALTHYLIFE,,,,
HEERAISP,,,,
HEG,,,,
HEIDELBERG,,,,
HELPAGE,,,,
ZHEMHOLD,,,,
HEMACEM,,,,
HEMANG,,,,
HSIL,,,,
HEMIPROP,,,,
HEMORGANIC,,,,
HERANBA,,,,
HERCULES,,,,
HERITGFOOD,,,,
HEROMOTOCO,,,,
HESTERBIO,,,,
HEUBACHIND,,,,
HEXATRADEX,,,,
HFCL,,,,
HGIND,,,,
HIKLASS,,,,
HITECH,,,,
HITECHWIND,,,,
HIGHENE,,,,
HIGHSTREE,,,,
HIKAL,,,,
HIL,,,,
HILIKS,,,,
HILTON,,,,
HIMTEK,,,,
HIMFIBP,,,,
HSCL,,,,
HFIL,,,,
HIMATSEIDE,,,,
HINDALUMI,,,,
HCLTD,,,,
HIRECT,,,,
HINDALCO,,,,
HINDMILL,,,,
HPIL,,,,
HGS,,,,
HINDADH,,,,
HAL,,,,
HINDUST,,,,
HINDAPL,,,,
HINDBIO,,,,
HINDCOMPOS,,,,
HCC,,,,
HINDCOPPER,,,,
HINFLUR,,,,
HNDFDS,,,,
HINDHARD,,,,
ZHINDHSG,,,,
HMVL,,,,
HINDMOTORS,,,,
HINDOILEXP,,,,
HOCL,,,,
HINDPETRO,,,,
HINDTIN,,,,
HINDUNILVR,,,,
HINDZINC,,,,
HINDNATGLS,,,,
ZHINUDYP,,,,
HUIL,,,,
HINDWAREAP,,,,
HIPOLIN,,,,
HIRAUTO,,,,
HISARMET,,,,
HISARSP,,,,
HITKITGLO,,,,
POWERINDIA,,,,
HITECHCORP,,,,
HITTCO,,,,
HLEGLAS,,,,
HLVLTD,,,,
HMAAGRO,,,,
HMT,,,,
HOMEFIRST,,,,
HONASA,,,,
HONDAPOWER,,,,
HONAUT,,,,
HUDCO,,,,
HDIL,,,,
HOVS,,,,
HOWARHO,,,,
HPAL,,,,
HPCBL,,,,
HPL,,,,
HRBFLOR,,,,
HTMEDIA,,,,
HUBTOWN,,,,
HUHTAMAKI,,,,
HBEL,,,,
HYBRIDFIN,,,,
HYPERSOFT,,,,
IGPL,,,,
IPOWER,,,,
IBINFO,,,,
ICDSLTD,,,,
ICICIBANK,,,,
ICICIGI,,,,
ICICIPRULI,,,,
ICICIMOM30,,,,
ICICINF100,,,,
ICICILOVOL,,,,
ICICIQTY30,,,,
ICICINIFTY,,,,
ICICIALPLV,,,,
ICICIAUTO,,,,
ICICIBANKN,,,,
ICICICOMMO,,,,
ICICIFIN,,,,
ICICIFMCG,,,,
ICICIPHARM,,,,
ICICICONSU,,,,
ICICIINFRA,,,,
ICICITECH,,,,
ICICIM150,,,,
ICICINXT50,,,,
ICICIBANKP,,,,
PSUBANKICI,,,,
ICICINV20,,,,
ICICI500,,,,
ICICIMCAP,,,,
ICICISENSX,,,,
ISEC,,,,
ICLORGANIC,,,,
ICRA,,,,
IDINFO,,,,
IDBI,,,,
IDEAFORGE,,,,
IDFCFIRSTB,,,,
IDFC,,,,
IDFSENSEXE,,,,
INDXTRA,,,,
IFBAGRO,,,,
IFBIND,,,,
IFCI,,,,
IFGLEXPOR,,,,
IFL,,,,
IGARASHI,,,,
IGCIL,,,,
IIFL,,,,
IIFLSEC,,,,
IITLPROJ,,,,
IKIO,,,,
IL&FSENGG,,,,
IVC,,,,
IL&FSTRANS,,,,
IMCAP,,,,
IMAGICAA,,,,
INDLMETER,,,,
IMPEXFERRO,,,,
INANI,,,,
INANISEC,,,,
INCAP,,,,
INCON,,,,
INCREDIBLE,,,,
INDBNK,,,,
INDRENEW,,,,
INDAGIV,,,,
INDSWFTLAB,,,,
INDSWFTLTD,,,,
INDAG,,,,
INDBANK,,,,
INDERGR,,,,
INDCEMCAP,,,,
INDIACEM,,,,
IFINSEC,,,,
INDGELA,,,,
INDIAGLYCO,,,,
INDIAHOME,,,,
INDLEASE,,,,
IMPAL,,,,
INDNIPPON,,,,
IPL,,,,
INRADIA,,,,
ISWL,,,,
ITDC,,,,
IEL,,,,
IBULHSGFIN,,,,
IBREALEST,,,,
INDIAMART,,,,
INDIANACRY,,,,
INDIANB,,,,
IBRIGST,,,,
INDIANCARD,,,,
IEX,,,,
INDHOTEL,,,,
INDIANHUME,,,,
INDINFO,,,,
INLCM,,,,
IMFA,,,,
IOC,,,,
IOB,,,,
IRCTC,,,,
IRFC,,,,
INDSUCR,,,,
INDTERRAIN,,,,
INDTONER,,,,
INDIANVSH,,,,
INDIGOPNTS,,,,
INDICAP,,,,
INDOAMIN,,,,
INDOASIAF,,,,
INDOBORAX,,,,
ICL,,,,
ICIL,,,,
INDOCRED,,,,
INDOEURO,,,,
IGLFXPL-B,,,,
INDORAMA,,,,
INDOTECH,,,,
INDOTHAI,,,,
INDOUS,,,,
INDOCITY,,,,
NIPPOBATRY,,,,
INDOCO,,,,
INDOKEM,,,,
INDONG,,,,
INDOSTAR,,,,
INDOWIND,,,,
INDRAIND,,,,
IGL,,,,
INDRAMEDCO,,,,
INDRANIB,,,,
INDSILHYD,,,,
INDSOYA,,,,
INDCTST,,,,
INDUSFINL,,,,
INDUSTOWER,,,,
INDUSINDBK,,,,
INDPRUD,,,,
IITL,,,,
INERTIAST,,,,
INFIBEAM,,,,
INFLAME,,,,
NAUKRI,,,,
INFOBEAN,,,,
INFOMEDIA,,,,
INFORTEC,,,,
INFY,,,,
INFRONICS,,,,
INGERRAND,,,,
INLANPR,,,,
INNOCORP,,,,
INNOKAIZ,,,,
INOVSYNTH,,,,
INNOVATIVE,,,,
INNOVTEC,,,,
INNOVATORS,,,,
INNOVATUS,,,,
INOXGREEN,,,,
IWEL,,,,
INOXWIND,,,,
INSECTICID,,,,
INA,,,,
INSPIRISYS,,,,
INTECCAP,,,,
INTCAPL,,,,
INTEGRAEN,,,,
ESSENTIA,,,,
INTEGSW,,,,
INTELSOFT,,,,
ICSL,,,,
IIL,,,,
INTEGFD,,,,
INTELLECT,,,,
INTELLCAP,,,,
INTENTECH,,,,
INTRGLB,,,,
INTSTOIL,,,,
IFINSER,,,,
INDIGO,,,,
INTLCOMBQ,,,,
INTLCONV,,,,
IDM,,,,
ITHL,,,,
INTERDIGI,,,,
ISFT,,,,
INVENTURE,,,,
INVPRECQ,,,,
INVIGO,,,,
IOLCP,,,,
IONEXCHANG,,,,
IPRINGLTD,,,,
IPCALAB,,,,
IRB,,,,
IRCON,,,,
IRIS,,,,
IRMENERGY,,,,
IRONWOOD,,,,
ISFL,,,,
ISGEC,,,,
IISL,,,,
ISHANCH,,,,
ISHITADR,,,,
ISHWATR,,,,
ISLCONSUL,,,,
ISMTLTD,,,,
ISTLTD,,,,
ISTRNETWK,,,,
ITC,,,,
ITCONS,,,,
ITDCEM,,,,
ITI,,,,
ITL,,,,
IVP,,,,
IYKOTHITE,,,,
IZMO,,,,
JTAPARIA,,,,
JAFINANCE,,,,
JBCHEPHARM,,,,
JJFINCOR,,,,
JKCEMENT,,,,
JKIL,,,,
JACKSON,,,,
JAGANLAM,,,,
JAGAJITIND,,,,
JAGJANANI,,,,
JAGRAN,,,,
JAGSONFI,,,,
JAGSNPHARM,,,,
JAIBALAJI,,,,
JAICORPLTD,,,,
JAIMATAG,,,,
JAIHINDS,,,,
JISLJALEQS,,,,
JISLDVREQS,,,,
JAINMARMO,,,,
JAINCO,,,,
JAINEX,,,,
JAIPAN,,,,
JPASSOCIAT,,,,
JPPOWER,,,,
JDL,,,,
JAMESWARREN,,,,
J&KBANK,,,,
JAMNAAUTO,,,,
JAMSHRI,,,,
JANUSCORP,,,,
JATTAINDUS,,,,
JAUSPOL,,,,
JAYBARMARU,,,,
JAYSHREETEA,,,,
JAYUSH,,,,
JAYBHCR,,,,
JAYAGROGN,,,,
JAYANT,,,,
JAYNECOIND,,,,
JAYATMA,,,,
JAYIND,,,,
JAYTEX,,,,
JAYKAY,,,,
JAYCH,,,,
JAYSYN,,,,
JBMA,,,,
JCTLTD,,,,
JDORGOCHEM,,,,
JSTL,,,,
JENBURPH,,,,
JETAIRWAYS,,,,
JETFREIGHT,,,,
JETINFRA,,,,
JETKINGQ,,,,
JETMALL,,,,
JFL,,,,
JHACC,,,,
JHS,,,,
JIGAR,,,,
JINDCAP,,,,
JINDRILL,,,,
JINDHOT,,,,
JLL,,,,
JINDALPHOT,,,,
JINDALPOLY,,,,
JPOLYINVST,,,,
JINDALSAW,,,,
JSL,,,,
JINDALSTEL,,,,
JINDWORLD,,,,
JIOFIN,,,,
JITFINFRA,,,,
JK AGRI,,,,
JKLAKSHMI,,,,
JKPAPER,,,,
JKTYRE,,,,
JSHL,,,,
JMFINANCIL,,,,
JMDVL,,,,
JMGCORP,,,,
JMJFIN,,,,
COCKERILL,,,,
JCHAC,,,,
JOHNPHARMA,,,,
JOINDRE,,,,
JOINTECAED,,,,
JONJUA,,,,
JOSTS,,,,
JOYREALTY,,,,
JPTSEC,,,,
JSLINDL,,,,
JSWENERGY,,,,
JSWHL,,,,
JSWINFRA,,,,
JSWSTEEL,,,,
JTEKTINDIA,,,,
JTLIND,,,,
JUBLFOOD,,,,
JUBLINDS,,,,
JUBLINGREA,,,,
JUBLPHARMA,,,,
JULIEN,,,,
JUMBO,,,,
JUMBFNL,,,,
JPTRLES,,,,
JUPITERIN,,,,
JLHL,,,,
JWL,,,,
JUSTDIAL,,,,
JRELTD,,,,
JYOTIN,,,,
JYOTHYLAB,,,,
JYOTI,,,,
JYOTIRES,,,,
JYOTISTRUC,,,,
KKFIN,,,,
KLIFESTYL,,,,
KCP,,,,
KMSUGAR,,,,
KPEL,,,,
KPRMILL,,,,
KZLFIN,,,,
KRRAIL,,,,
KAARYAFSL,,,,
KCL,,,,
KABRADG,,,,
KABRAEXTRU,,,,
KABSON,,,,
KACHCHH,,,,
KAHAN,,,,
KAIRA,,,,
KACL,,,,
KAIZENAGRO,,,,
KAJALSY,,,,
KAJARIACER,,,,
KAKA,,,,
KAKATCEM,,,,
KAKTEX,,,,
KALLAM,,,,
KPIL,,,,
KALYANCAP,,,,
KALYANKJIL,,,,
KALYANIFRG,,,,
KICL,,,,
KSL,,,,
KAMAHOLD,,,,
KAMADGIRI,,,,
KAMANWALA,,,,
KAMATHOTEL,,,,
KAMDHENU,,,,
KAMOPAINTS,,,,
KANANIIND,,,,
KANCHI,,,,
KANCOTEA,,,,
KANDAGIRI,,,,
KANELIND,,,,
KANSHST,,,,
KANORICHEM,,,,
KEIL,,,,
KANPRPLA,,,,
KANSAINER,,,,
KANUNGO,,,,
KAPILCO,,,,
KAPILRAJ,,,,
KARANWO,,,,
KARMAENG,,,,
KTKBANK,,,,
KARNAVATI,,,,
KCSL,,,,
KARTKIN,,,,
KARURVYSYA,,,,
KASHYAP,,,,
KATRSPG,,,,
KAUSHALYA,,,,
KSCL,,,,
KAVVERITEL,,,,
KAYPOWR,,,,
KAYA,,,,
KAYCEEI,,,,
KAYNES,,,,
KBCGLOBAL,,,,
KBSINDIA,,,,
KCDGROUP,,,,
KCLINFRA,,,,
KCPSUGIND,,,,
KDLL,,,,
KDDL,,,,
KEC,,,,
KEDIACN,,,,
KEERTHI,,,,
KEI,,,,
KELLTONTEC,,,,
KELENRG,,,,
KEMISTAR,,,,
KEMP,,,,
KENFIN,,,,
KENNAMET,,,,
KENVI,,,,
KERALAYUR,,,,
KERNEX,,,,
KESARENT,,,,
KESAR,,,,
KESARPE,,,,
KTIL,,,,
KESORAMIND,,,,
KKCL,,,,
KEYCORP,,,,
KEYFINSER,,,,
RUSTOMJEE,,,,
KFINTECH,,,,
KGDENIM,,,,
KGPETRO,,,,
KHADIM,,,,
KHAITANLTD,,,,
KHAICHEM,,,,
ZKHANDEN,,,,
KHANDSE,,,,
KHAZANCHI,,,,
KDML,,,,
KHODAY,,,,
KHOOBSURAT,,,,
KHYATI,,,,
KAJARIR,,,,
KIDUJA,,,,
KIFS,,,,
KLBRENG-B,,,,
KILITCH,,,,
KILPEST,,,,
KIMIABL,,,,
KINETICENG,,,,
KINETRU,,,,
KINGFA,,,,
KINGSINFR,,,,
KIOCL,,,,
KIRANPR,,,,
KIRANSY-B,,,,
KIRANVYPAR,,,,
KIRIINDUS,,,,
KIRLOSBROS,,,,
KECL,,,,
KIRLFER,,,,
KIRLOSIND,,,,
KIRLOSENG,,,,
KIRLPNU,,,,
KISAN,,,,
KITEX,,,,
KJMCCORP,,,,
KJMCFIN,,,,
KKSHL,,,,
KKALPANAIND,,,,
KKPLASTICK,,,,
KDL,,,,
KLGCAP,,,,
KMCSHIL,,,,
KMFBLDR,,,,
KMGMILK,,,,
KMSMEDI,,,,
KMEW,,,,
KNRCON,,,,
KOBO,,,,
KOHINOOR,,,,
KOKUYOCMLN,,,,
KOLTEPATIL,,,,
KOCL,,,,
KONARKSY,,,,
KONNDOR,,,,
KOPRAN,,,,
KORE,,,,
KTINDF4DD,,,,
KTINDF4RD,,,,
KTINDF4RG,,,,
KTINDF4DG,,,,
KOTAKBANK,,,,
KOTAKNIFTY,,,,
KOTAKBKETF,,,,
KOTAKPSUBK,,,,
KTKSENSEX,,,,
KFBL,,,,
KOTHARIPRO,,,,
KEL,,,,
KOVAI,,,,
ZKOVALIN,,,,
KLRFM,,,,
KPIGREEN,,,,
KPITTECH,,,,
KPT,,,,
KRANTI,,,,
KRATOSENER,,,,
KRBL,,,,
KREBSBIO,,,,
KREONFIN,,,,
KRETTOSYS,,,,
KRIINFRA,,,,
KVFORGE,,,,
KRISHNACAP,,,,
KRIFILIND,,,,
KIMS,,,,
KRISHNA,,,,
KRITIIND,,,,
KRITINUT,,,,
KRSNAA,,,,
KRYPTONQ,,,,
KSB,,,,
KSE,,,,
KSOLVES,,,,
KUANTUM,,,,
KUBERJI,,,,
KUMPFIN,,,,
KUNSTOFF,,,,
KUSUMEL,,,,
KUSHIND,,,,
KUWERIN,,,,
KPL,,,,
LGBBROSLTD,,,,
L&TFH,,,,
LTTS,,,,
LAOPALA,,,,
LATIMMETAL,,,,
LABELKRAFT,,,,
LACTOSE,,,,
LAHL,,,,
LADDERUP,,,,
LAFFANSQ,,,,
LAHOTIOV,,,,
LAKHOTIA,,,,
LXMIATO,,,,
LAKSELEC,,,,
LAXMIMACH,,,,
LAKSHMIMIL,,,,
LAKPRE,,,,
LAMBODHARA,,,,
LANCER,,,,
LANCORHOL,,,,
LANDMARC,,,,
LANDMARK,,,,
LPDC,,,,
LT,,,,
LASA,,,,
LADIAMO,,,,
LASTMILE,,,,
LATENTVIEW,,,,
LAURUSLABS,,,,
LXCHEM,,,,
LAXMIPATI,,,,
LCCINFOTEC,,,,
LELAVOIR,,,,
LEADFIN,,,,
LLFICL,,,,
LEENEE,,,,
LEHAR,,,,
LEMONTREE,,,,
LERTHAI,,,,
LESHAIND,,,,
LEX,,,,
LGBFORGE,,,,
LIBERTSHOE,,,,
LIBORDFIN,,,,
LIBORD,,,,
LICHSGFIN,,,,
LICNFNHGP,,,,
LICNETFN50,,,,
LICNETFSEN,,,,
LICI,,,,
LIKHAMI,,,,
LIKHITHA,,,,
LIMECHM,,,,
LINAKS,,,,
LINC,,,,
LINCOPH,,,,
LINDEINDIA,,,,
LINKPH,,,,
LIPPISYS,,,,
LKPFIN,,,,
LKPSEC,,,,
LLOYDSENGG,,,,
LLOYDSENT,,,,
LLOYDSME,,,,
LOKESHMACH,,,,
LONTE,,,,
LOOKS,,,,
LORDSCHLO,,,,
LORDSHOTL,,,,
LAL,,,,
LOTUSCHO,,,,
LEHIL,,,,
LOVABLE,,,,
LOYAL,,,,
LOYALTEX,,,,
LTFOODS,,,,
LTIM,"['https://www.bseindia.com/xml-data/corpfiling/AttachHis/05c977ac-349f-4d9f-bc92-699d657d12ec.pdf', 2024, 2]","['https://www.bseindia.com/xml-data/corpfiling/AttachHis/1075737f-49c4-4a09-b844-a8617258a991.pdf', 2024, 1]","['https://www.bseindia.com/xml-data/corpfiling/AttachHis/1206435e-93f8-48f0-a37e-8eaac76cdb75.pdf', 2023, 4]","['https://www.bseindia.com/xml-data/corpfiling/AttachHis/f8e91b93-b01d-4813-80de-c149f1411618.pdf', 2023, 3]"
LUCENT,,,,
LUDLOWJUT,,,,
LUHARUKA,,,,
LUMAXTECH,,,,
LUMAXIND,,,,
LUPIN,,,,
LUXIND,,,,
LWSKNIT,,,,
LYKALABS,,,,
LYKISLTD,,,,
LYNMC,,,,
LYPSAGEMS,,,,
MLINDLTD,,,,
MKPL,,,,
MKEXIM,,,,
MMFL,,,,
MPAGI,,,,
MAAGHADV,,,,
MAANALU,,,,
MCCHRLS-B,,,,
MACH,,,,
ROBU,,,,
MACIND,,,,
MACPLASQ,,,,
MACINTR,,,,
LODHA,,,,
MADHAVIPL,,,,
MADHAV,,,,
MADHUCON,,,,
MADHURIND,,,,
MADHUDIN,,,,
MADHUSE,,,,
MADHUVEER,,,,
MADRASFERT,,,,
METSL,,,,
MAFATIND,,,,
MAFIA,,,,
MAGADHSUGAR,,,,
MCLOUD,,,,
MAGNAELQ,,,,
MAGANTR,,,,
MAGNUM,,,,
MAHAPEXLTD,,,,
MAHAANF,,,,
MHLXMIRU,,,,
MAHALXSE,,,,
MAHASTEEL,,,,
MAHANIN,,,,
MGL,,,,
MTNL,,,,
MAHACORP,,,,
MAHSCOOTER,,,,
MAHSEAMLES,,,,
MHSGRMS,,,,
MINFY,,,,
MAHESH,,,,
M&MFIN,,,,
M&M,,,,
MAHEPC,,,,
MHRIL,,,,
MAHLIFE,,,,
MAHLOG,,,,
MAIDEN,,,,
MAITHANALL,,,,
MAITRI,,,,
MAJESAUT,,,,
MAKERSL,,,,
MALLCOM,,,,
MALUPAPER,,,,
MANINDS,,,,
MANINFRA,,,,
MNKALCOLTD,,,,
MNKCMILTD,,,,
MANAKSIA,,,,
MANAKSTELTD,,,,
MANALIPETC,,,,
MANAPPURAM,,,,
MANAS,,,,
MANCREDIT,,,,
MANGLMCEM,,,,
MANGALAM,,,,
MANGIND,,,,
MANORG,,,,
MSL,,,,
MANGCHEFER,,,,
MRPL,,,,
MNPLFIN,,,,
MANJEERA,,,,
MANKIND,,,,
MVGJL,,,,
MANOMAY,,,,
MANORAMA,,,,
MANRAJH,,,,
MANSIFIN,,,,
ZMANSOON,,,,
MANUGRAPH,,,,
MARALOVER,,,,
MARATHON,,,,
MARBLE,,,,
MTPL,,,,
MARGOFIN,,,,
MARICO,,,,
MARIS,,,,
MKTCREAT,,,,
MARKOLINES,,,,
MARKSANS,,,,
MARSONS,,,,
MARBU,,,,
MAINFRA,,,,
SPITZE,,,,
MARUTISE,,,,
MARUTI,,,,
MASFIN,,,,
MASTEK,,,,
MASCH,,,,
MASTERTR,,,,
MPFSL,,,,
MATHEWE,,,,
MATRIMONY,,,,
MUL,,,,
MAWANASUG,,,,
MASL,,,,
MAXESTATES,,,,
MFSL,,,,
MAXHEALTH,,,,
MAXINDIA,,,,
MAXHEIGHTS,,,,
MAXIMUS,,,,
MAYUKH,,,,
MAYURFL,,,,
MAYUR,,,,
MAYURUNIQ,,,,
MAZDOCK,,,,
MAZDALTD,,,,
MBLINFRA,,,,
MCLEODRUSS,,,,
MBECL,,,,
MEDICAPQ,,,,
MMWL,,,,
MEDIAONE,,,,
MEDICAMEQ,,,,
MIL,,,,
MEDICO,,,,
MEDINOV,,,,
MEDPLUS,,,,
MEERA,,,,
MEFCOMCAP,,,,
MEGACOR,,,,
MEGFI,,,,
MNIL,,,,
MEGASOFT,,,,
MEGASTAR,,,,
MOL,,,,
MEGRISOFT,,,,
MEHAI,,,,
MEHTAHG,,,,
MEHIF,,,,
MEHSECU,,,,
MELSTAR,,,,
MENAMANI,,,,
MENONBE,,,,
MENNPIS,,,,
MEP,,,,
MERCANTILE,,,,
MERCURYEV,,,,
MERCURYLAB,,,,
MERCTRD,,,,
MESON,,,,
METALCO,,,,
METALFORGE,,,,
METROBRAND,,,,
METROGLOBL,,,,
METROPOLIS,,,,
MAL,,,,
MFLINDIA,,,,
MFSINTRCRP,,,,
MIC,,,,
MICROSE,,,,
MIDEASTP,,,,
MIDINDIA,,,,
MIDWEST,,,,
MIHIKA,,,,
MILEFUR,,,,
MILESTONE,,,,
ZMILGFIN,,,,
MLKFOOD,,,,
MILLENNIUM,,,,
MINALIND,,,,
MINAXI,,,,
MINDACORP,,,,
MINDTECK,,,,
MINID,,,,
MINOLTAF,,,,
MPCOSEMB,,,,
MAHKTECH,,,,
ESG,,,,
LOWVOL,,,,
ALPHAETF,,,,
NIFTYETF,,,,
BANKETF,,,,
BFSI,,,,
MAKEINDIA,,,,
ITETF,,,,
MIDCAPETF,,,,
NEXT50,,,,
MAFANG,,,,
MASPTOP50,,,,
SENSEXETF,,,,
MIRCELECTR,,,,
MIRZAINT,,,,
MISHDESIGN,,,,
MISHKA,,,,
MIDHANI,,,,
MISHTANN,,,,
MISQUITA,,,,
MITSHI,,,,
MITSU,,,,
MIVENMACH,,,,
MKVENTURES,,,,
MMRUBBR-B,,,,
MMTC,,,,
MODWOOL,,,,
MODAIRY,,,,
MEAPL,,,,
MODINSU,,,,
MODRNSH,,,,
MDRNSTL,,,,
MODINATUR,,,,
MODIRUBBER,,,,
MODIPON,,,,
MODIS,,,,
MODISONLTD,,,,
MODULEX,,,,
MOHITIND,,,,
MOHITPPR,,,,
MOHITE,,,,
MOIL,,,,
MOLDTKPAC,,,,
MOLDTEK,,,,
MONARCH,,,,
MMLF,,,,
MONEYBOXX,,,,
MONIND,,,,
MONOT,,,,
MONTECARLO,,,,
MONGIPA,,,,
MORARJEE,,,,
MORARKFI,,,,
MOREPENLAB,,,,
MORGAN,,,,
MORGANITE,,,,
MOSCHIP,,,,
MSUMI,,,,
MOTILALOFS,,,,
MOM50,,,,
MOM100,,,,
MONQ50,,,,
MOMOMENTUM,,,,
MOVALUE,,,,
MOHEALTH,,,,
MOLOWVOL,,,,
MOQUALITY,,,,
MOTOGENFIN,,,,
MOUNT,,,,
MPDL,,,,
MPHASIS,,,,
MPILCORPL,,,,
MPL,,,,
MPSLTD,,,,
MRCAGRO,,,,
MRF,,,,
MRO-TEK,,,,
MRP,,,,
BECTORFOOD,,,,
MRUTR,,,,
MSPL,,,,
MSRINDIA,,,,
MSTC,,,,
MTEDUCARE,,,,
MTARTECH,,,,
MUDRA,,,,
MUDUNURU,,,,
MUFIN,,,,
MUKANDLTD,,,,
MUKATPIP,,,,
MUKESHB,,,,
MUKTA,,,,
MUKTAARTS,,,,
MULLER,,,,
MCX,,,,
MULTIBASE,,,,
MULTIIN,,,,
ZMULTIPU,,,,
MUNJALAU,,,,
MUNJALSHOW,,,,
MUNCAPM,,,,
MCLTD,,,,
MUNOTHFI,,,,
MURUDCERA,,,,
RADIOCITY,,,,
MUTHTFN,,,,
MUTHOOTFIN,,,,
MUZALI,,,,
MYMONEY,,,,
MYSORPETRO,,,,
MYSTICELE,,,,
NDMETAL,,,,
NGIND,,,,
NKIND,,,,
NRAGRINDQ,,,,
NNTL,,,,
NACLIND,,,,
NAGTECH,,,,
NAGARFERT,,,,
NAGPI,,,,
NAGREEKCAP,,,,
NAGREEKEXP,,,,
NAHARCAP,,,,
NAHARINDUS,,,,
NAHARPOLY,,,,
NAHARSPING,,,,
NGIL,,,,
NAKSH,,,,
NLFL,,,,
NSIL,,,,
NAM,,,,
NVENTURES,,,,
NDL,,,,
NH,,,,
NARBADA,,,,
NARPROP,,,,
NARMADA,,,,
SHAWGELTIN,,,,
NARMP,,,,
NATCOPHARM,,,,
NATHBIOGEN,,,,
NATHIND,,,,
NATIONALUM,,,,
NFL,,,,
NATFIT,,,,
NATGENI,,,,
NOL,,,,
NATPEROX,,,,
NATPLAS,,,,
NATPLASTI,,,,
NATPLY,,,,
NATIONSTD,,,,
NATRAJPR,,,,
NATHUEC,,,,
NATURAL,,,,
NATCAPSUQ,,,,
NAPL,,,,
NATURO,,,,
NAVA,,,,
NAVINIFTY,,,,
NAVIGANT,,,,
NAVINFLUOR,,,,
NAVKARCORP,,,,
NAVKAR,,,,
NAVNETEDUL,,,,
NAVODAYENT,,,,
NAYSAA,,,,
NAZARA,,,,
NBFOOT,,,,
NBCC,,,,
NCCBLUE,,,,
NCC,,,,
NCLIND,,,,
NCLRESE,,,,
NDASEC,,,,
NDLVENTURE,,,,
NDRAUTO,,,,
NECLIFE,,,,
NEAGI,,,,
NEELKANTH,,,,
NEELKAN,,,,
NEERAJ,,,,
NEGOTIUM,,,,
NEIL,,,,
NELCAST,,,,
NELCO,,,,
NEOINFRA,,,,
NOGMIND,,,,
NEOGEN,,,,
NESCO,,,,
NESTLEIND,,,,
NETLINK,,,,
NETTLINX,,,,
NETWEB,,,,
NETWORK18,,,,
NEULANDLAB,,,,
NDTV,,,,
NEWLIGHT,,,,
NEWMKTADV,,,,
NEWGEN,,,,
NEWINFRA,,,,
NEXTMEDIA,,,,
NEXUSSURGL,,,,
NGLFINE,,,,
NHCFOODS,,,,
NHPC,,,,
NIBE,,,,
NICCOPAR,,,,
NIDHGRN,,,,
NIHARINF,,,,
NIITMTS,,,,
NIITLTD,,,,
NIKHILAD,,,,
NIKKIGL,,,,
NILA,,,,
NILASPACES,,,,
NILACHAL,,,,
NILE,,,,
NILKAMAL,,,,
ZNILKENG,,,,
NIMBSPROJ,,,,
NINSYS,,,,
NIF100BEES,,,,
NIFTYBEES,,,,
SHARIABEES,,,,
BANKBEES,,,,
INFRABEES,,,,
JUNIORBEES,,,,
PSUBNKBEES,,,,
SENSEXBEES,,,,
SNXT50BEES,,,,
NAM-INDIA,,,,
NIRAJ,,,,
NIRAVCOM,,,,
NIRBHAYIND,,,,
NIRLON,,,,
NITCO,,,,
NITINCAST,,,,
NITINSPIN,,,,
NITTAGELA,,,,
NIVAKA,,,,
ZNIVITRD,,,,
NIYOGIN,,,,
NLCINDIA,,,,
NMDC,,,,
NSLNISP,,,,
NMSRESRC,,,,
NOCIL,,,,
NOIDATOLL,,,,
NORBTEAEXP,,,,
NORRIS,,,,
NECCLTD,,,,
NSL,,,,
NORTHLINK,,,,
NOUVEAU,,,,
NOVIS,,,,
NOVARTIND,,,,
NOVATEOR,,,,
NPRFIN,,,,
NRBBEARING,,,,
NIBL,,,,
NTCIND,,,,
NTPC,,,,
NUCLEUS,,,,
NURECA,,,,
NUTECGLOB,,,,
NUTRICIRCLE,,,,
NUVAMA,,,,
NUVOCO,,,,
NUWAY,,,,
NYSSACORP,,,,
OPCHAINS,,,,
OASISEC,,,,
OBEROIRLTY,,,,
OONE,,,,
OCTAL,,,,
OCTAVIUSPL,,,,
OCTAWARE,,,,
ODYCORP,,,,
ODYSSEY,,,,
ONGC,,,,
OILCOUNTUB,,,,
OIL,,,,
OKPLA,,,,
OLATECH,,,,
OLECTRA,,,,
OLYMPTX,,,,
OLPCL,,,,
OLYOI,,,,
OMINFRAL,,,,
OMANSH,,,,
OMAXAUTO,,,,
OMAXE,,,,
OMEGAIN,,,,
OMKAR,,,,
OMKARPH,,,,
OMKARCHEM,,,,
OMNIAX,,,,
OMNIPOTENT,,,,
OMNITEX,,,,
PAYTM,,,,
ONEGLOBAL,,,,
ONELIFECAP,,,,
OIVL,,,,
ONMOBILE,,,,
ONTIC,,,,
ONWARDTEC,,,,
OPTIEMUS,,,,
OPTIFIN,,,,
OFSS,,,,
ORBTEXP,,,,
ORCHASP,,,,
ORCHIDPHAR,,,,
ORGCOAT,,,,
ORGANICREC,,,,
ORICON,,,,
ORIENTBELL,,,,
ORIBEVER,,,,
ORIENTCEM,,,,
ORIENTCER,,,,
ORIENTELEC,,,,
GREENPOWER,,,,
ORIENTPPR,,,,
ORIENTLTD,,,,
ORIENTTR,,,,
OAL,,,,
ORIENTCQ,,,,
ORIENTHOT,,,,
ORIRAIL,,,,
ORIENTALTL,,,,
OBCL,,,,
ORISSAMINE,,,,
OROSMITHS,,,,
ORTEL,,,,
ORTINLAABS,,,,
OSCARGLO,,,,
OSEASPR,,,,
OSIAJEE,,,,
OSWALAGRO,,,,
OSWALGREEN,,,,
OSWALEA,,,,
OSWALOR,,,,
OSWAYRN,,,,
OTCO,,,,
OVOBELE,,,,
OXYGENTAPH,,,,
PMTELELIN,,,,
PACE,,,,
PIFL,,,,
PACIFICI,,,,
PACT,,,,
PADAMCO,,,,
PADMALAYAT,,,,
PADALPO,,,,
PADMAIND,,,,
PAEL,,,,
PAGEIND,,,,
PAISALO,,,,
PAKKA,,,,
PALASHSEC,,,,
PALCO,,,,
PALMJEWELS,,,,
PALRED,,,,
PANELEC,,,,
PANINDIAC,,,,
PANABYTE,,,,
PANACEABIO,,,,
PANAFIC,,,,
PANAMAPET,,,,
PANCARBON,,,,
PANAENERG,,,,
PANCHMAHQ,,,,
PANCHSHEEL,,,,
PANJON,,,,
PANKAJPIYUS,,,,
PANKAJPO,,,,
PANORAMA,,,,
PANTH,,,,
PANCM,,,,
PAOS,,,,
PARADEEP,,,,
PARAGMILK,,,,
PARAGONF,,,,
PARACABLES,,,,
PARMCOS-B,,,,
PARAS,,,,
PARASPETRO,,,,
PARKERAC,,,,
PARLEIND,,,,
PARMAX,,,,
PARMSILK,,,,
PARNAXLAB,,,,
PARSHVA,,,,
PARSHWANA,,,,
PARSVNATH,,,,
PARVATI,,,,
PASARI,,,,
PASUPTAC,,,,
PASUSPG,,,,
PATANJALI,,,,
PJL,,,,
PATELENG,,,,
PATINTLOG,,,,
PATELSAI,,,,
PATIDAR,,,,
PATRON,,,,
PATSPINLTD,,,,
PML,,,,
PAUSHAKLTD,,,,
PAVNAIND,,,,
POLICYBZR,,,,
PBAINFRA,,,,
PBMPOLY,,,,
PCJEWELLER,,,,
PCBL,,,,
PCS,,,,
PDSL,,,,
PGIL,,,,
PGCRL,,,,
PEARLPOLY,,,,
PECOS,,,,
PCCOSMA,,,,
PEETISEC,,,,
PENINLAND,,,,
PENIND,,,,
PNTKYOR,,,,
PEOPLIN,,,,
OCTAVE,,,,
PERFEPA,,,,
PERMAGN,,,,
PERSISTENT,,,,
PERVASIVE,,,,
PETPLST,,,,
PETRONET,,,,
PFIZER,,,,
PFLINFOTC,,,,
PGEL,,,,
PGFOILQ,,,,
PHCAP,,,,
PHTRADING,,,,
PHRMASI,,,,
PHARMAID,,,,
PHOENXINTL,,,,
PHOENIXTN,,,,
PHOTON,,,,
PHOTOQUP,,,,
PHYTO,,,,
PIIND,,,,
PICCADIL,,,,
PICCASUG,,,,
PICTUREHS,,,,
PIDILITIND,,,,
PILITA,,,,
PILANIINVS,,,,
PIONAGR,,,,
PIONEEREMB,,,,
PIONRINV,,,,
PEL,,,,
PPLPHARMA,,,,
PITHP,,,,
PITTIENG,,,,
PIXTRANS,,,,
PLASTIBLEN,,,,
POBS,,,,
PLAZACABLE,,,,
PMCFIN,,,,
PNBGILTS,,,,
PNBHOUSING,,,,
PNCINFRA,,,,
GARGI,,,,
POEL,,,,
PODDAR,,,,
PODARPIGQ,,,,
POKARNA,,,,
POLOHOT,,,,
PQIF,,,,
POLSON,,,,
POLYMED,,,,
POLYCAB,,,,
POLYCHEM,,,,
POLYCON,,,,
POLYLINK,,,,
POLYMAC,,,,
POLYCHMP,,,,
POLYPLEX,,,,
POLYSPIN,,,,
POLYTEX,,,,
POCL,,,,
PONNIERODE,,,,
POOJAENT,,,,
POOJA,,,,
POONADAL,,,,
POONAWALLA,,,,
POPULARES,,,,
PORWAL,,,,
PIGL,,,,
PFC,,,,
POWERGRID,,,,
POWERMECH,,,,
PPAP,,,,
PTIL,,,,
PRABHHANS,,,,
ZPRBHSTE,,,,
PRADPME,,,,
PRADHIN,,,,
PRAGBOS,,,,
PRAJIND,,,,
PRAENG,,,,
PRAKASH,,,,
PPL,,,,
PRAKASHSTL,,,,
PWASML,,,,
PRSNTIN,,,,
DIAMONDYD,,,,
PRATIK,,,,
PRATIKSH,,,,
PRAVEG,,,,
PRAXIS,,,,
PRECAM,,,,
PRECISION,,,,
PRECISIO,,,,
PRECWIRE,,,,
PREMCO,,,,
PREMCAP,,,,
PREMEXPLQ,,,,
PREMIER,,,,
PREMIERPOL,,,,
PREMSYN,,,,
PRERINFRA,,,,
PRESSURS,,,,
PRESTIGE,,,,
PREVEST,,,,
PRICOLLTD,,,,
PRIMAGR,,,,
PRIMAIN,,,,
PRIMAPLA,,,,
PFOCUS,,,,
PRIMEFRESH,,,,
PRIMIND,,,,
PRIMEPRO,,,,
PRIMESECU,,,,
PRIMEURB,,,,
PRIMO,,,,
PRINCEPIPE,,,,
PRISMFN,,,,
PRSMJOHNSN,,,,
PRISMMEDI,,,,
PRISMX,,,,
PRITHVIEXCH,,,,
PRITIKAUTO,,,,
PNC,,,,
PRIVISCL,,,,
PRIYALT,,,,
PROCLB,,,,
PROFINC,,,,
PROCAL,,,,
PGHL,,,,
PGHH,,,,
PROGREXV,,,,
PROMACT,,,,
PROMAX,,,,
PCL,,,,
PROTEAN,,,,
PROZONER,,,,
PRUDENT,,,,
PSPPROJECT,,,,
PFS,,,,
PTC,,,,
PTCIL,,,,
PTL,,,,
PDMJEPAPER,,,,
PULSRIN,,,,
PUNCTRD,,,,
PSB,,,,
PUNJABCHEM,,,,
PUNJCOMMU,,,,
PNB,,,,
PURVA,,,,
PURITY,,,,
PUROHITCON,,,,
PURPLE,,,,
PURSHOTTAM,,,,
PVP,,,,
PVRINOX,,,,
PVVINFRA,,,,
PYRAMID,,,,
PYXISFIN,,,,
QGO,,,,
QUADRANT,,,,
QRIL,,,,
QUANTBUILD,,,,
QUANTDIA,,,,
QNIFTY,,,,
QUASAR,,,,
QUESS,,,,
QUESTCAP,,,,
QUEST,,,,
QUICKHEAL,,,,
QUINT,,,,
QUINTEGRA,,,,
RJBIOTECH,,,,
RRKABEL,,,,
RSYSTEMINT,,,,
RBGUPTA,,,,
RJSHAH,,,,
RRSECUR,,,,
RSSOFTWARE,,,,
RNBDENIMS,,,,
RAAJMEDI,,,,
RASSIREF,,,,
RACE,,,,
RACLGEAR,,,,
RADAAN,,,,
RMCL,,,,
RCL,,,,
RADHEDE,,,,
RADHIKAJWE,,,,
RADIANTCMS,,,,
RADICO,,,,
RADIXIND,,,,
RPEL,,,,
RAGHUNAT,,,,
RAGHUTOB,,,,
RAFL,,,,
RAGHUSYN,,,,
RAHME,,,,
RAIDEEPIND,,,,
RVNL,,,,
RAILTEL,,,,
RAIN,,,,
RAINBOW,,,,
RAINBOWF,,,,
RAJOIL,,,,
RAJPACK,,,,
RAJRAYON,,,,
RAJTV,,,,
RAJABAH,,,,
RAJPALAYAM,,,,
RCCL,,,,
RAJGASES,,,,
RAJSPTR,,,,
RAJTUBE,,,,
RAJATH,,,,
ARENTERP,,,,
RAJESHEXPO,,,,
RCAN,,,,
RAJINFRA,,,,
RAJKSYN,,,,
RAJKOTINV,,,,
RAJNISH,,,,
RAJOOENG,,,,
RAJPUTANA,,,,
RAJGLOWIR,,,,
RAJSREESUG,,,,
RAJVI,,,,
RAJVIR,,,,
RALLIS,,,,
RAMRAT,,,,
RAMAPPR-B,,,,
RAMAPETRO,,,,
RAMAPHO,,,,
RAMASTEEL,,,,
RAMAVISION,,,,
RAMASIGNS,,,,
RLFL,,,,
RAMCOIND,,,,
RAMCOSYS,,,,
RAMGOPOLY,,,,
RAMINFO,,,,
RKFORGE,,,,
RAMKY,,,,
RAMSONS,,,,
RANASUG,,,,
RANDER,,,,
RML,,,,
RBL,,,,
RANEENGINE,,,,
RANEHOLDIN,,,,
RANJEET,,,,
RAP,,,,
RAPICUT,,,,
RAPIDIN,,,,
RASRESOR,,,,
RASANDIK,,,,
RCF,,,,
RASIELEC,,,,
RATEGAIN,,,,
RATHIBAR,,,,
RATHIST,,,,
RATNABHUMI,,,,
RATNAMANI,,,,
RATNAVEER,,,,
RTNINDIA,,,,
RTNPOWER,,,,
RAUNAQEPC,,,,
RAVALSUGAR,,,,
RKDL,,,,
RALEGRA,,,,
RVHL,,,,
RELTD,,,,
RAWEDGE,,,,
RAYLA,,,,
RAYMOND,,,,
RBLBANK,,,,
RCCEMEN,,,,
RCIIND,,,,
RDBRL,,,,
RDBRIL,,,,
REALECO,,,,
RTFL,,,,
RECLTD,,,,
REDINGTON,,,,
REDTAPE,,,,
REETECH,,,,
REFEX,,,,
REFEXRENEW,,,,
REGENCERAM,,,,
REGENCY,,,,
REGTRUS,,,,
REGENTRP,,,,
REGIS,,,,
RELAXO,,,,
RELIABVEN,,,,
RELCAPITAL,,,,
RELCHEMQ,,,,
RCOM,,,,
RELHOME,,,,
RIIL,,,,
RELIANCE,,,,
RELINFRA,,,,
RPOWER,,,,
RELICTEC,,,,
RELICAB,,,,
RELIGARE,,,,
REMLIFE,,,,
REMIEDEL,,,,
REMSONSIND,,,,
RGL,,,,
REPCOHOME,,,,
REPRO,,,,
RESGEN,,,,
RESONANCE,,,,
RESPONSINF,,,,
RESPONIND,,,,
RBA,,,,
RESTILE,,,,
RETINA,,,,
RGRL,,,,
REXSEAL,,,,
REXNORD,,,,
RHETAN,,,,
RHIM,,,,
RIBATEX,,,,
RICHUNV,,,,
RICHAIND,,,,
RFSL,,,,
RICHIRICH,,,,
RICOAUTO,,,,
RIDDHICORP,,,,
RIDDHI,,,,
RSTL,,,,
RIDHISYN,,,,
RIDINGS,,,,
RIR,,,,
RISAINTL,,,,
RISHYRN,,,,
RISHDIGA,,,,
RISHABH,,,,
RISHILASE,,,,
RISHITECH,,,,
RISHIROOP,,,,
RFLL,,,,
RITCO,,,,
RITES,,,,
RITESHIN,,,,
RPIL,,,,
RITHWIKFMS,,,,
RKDAGRRTL,,,,
RLF,,,,
RMC,,,,
ROJL,,,,
RHL,,,,
RODIUM,,,,
ROLCOEN,,,,
ROLEXRINGS,,,,
ROLLT,,,,
ROLTA,,,,
RONI,,,,
ROOPAIND,,,,
ROOPSHRI,,,,
ROSEMER,,,,
ROSELABS,,,,
ROSSARI,,,,
ROSSELLIND,,,,
ROTO,,,,
RGIL,,,,
ROUTE,,,,
ROYALCU,,,,
ROYALIND,,,,
ROHLTD,,,,
RAYALEMA,,,,
RPGLIFE,,,,
RPPINFRA,,,,
RPSGVENT,,,,
RRFIN,,,,
RRMETAL,,,,
RRIL,,,,
RSCINT,,,,
RSDFIN,,,,
RSWM,,,,
RTSPOWR,,,,
RUBFILA,,,,
RUBYMILLS,,,,
RUCHINFRA,,,,
RUCHIRA,,,,
RUDRA,,,,
RUNGTAIR,,,,
RUPA,,,,
RUSHIL,,,,
SCHAND,,,,
SHK,,,,
SRGSFL,,,,
SVGLOBAL,,,,
SMGOLD,,,,
SVJ,,,,
SALSTEEL,,,,
SJS,,,,
SPAL,,,,
SRIND,,,,
ZSVTRADI,,,,
S&SPOWER,,,,
STCORP,,,,
GOVNOW,,,,
SAB,,,,
SABOOBR,,,,
SABOOSOD,,,,
SIIL,,,,
SACHEMT,,,,
SADBHAV,,,,
SADBHIN,,,,
SADHNANIQ,,,,
SADHNA,,,,
SSTL,,,,
SAFARIND,,,,
SAFFRON,,,,
SAGCEM,,,,
SAGAR,,,,
SAGARPROD,,,,
SAGRSOY-B,,,,
SAGARSYST,,,,
SAGARSOFT,,,,
SAH,,,,
SAHARAHOUS,,,,
SAHYADRI,,,,
SAICAPI,,,,
KALAMANDIR,,,,
SAICOM,,,,
SAILANI,,,,
SAINIK,,,,
SAINTGOBAIN,,,,
SAKSOFT,,,,
SAKTHIFIN,,,,
SAKHTISUG,,,,
SAKUMA,,,,
SALAUTO,,,,
SALASAR,,,,
SALEM,,,,
SALGUTI,,,,
SALONACOT,,,,
SALORAINTL,,,,
SALZER,,,,
SAMINDUS,,,,
SAMBANDAM,,,,
SAMBHAAV,,,,
SAMHI,,,,
SAMKRG,,,,
SAMOR,,,,
SAMPANN,,,,
SAMPRE,,,,
SAMRATFORG,,,,
SAMRATPH,,,,
SAMSRITA,,,,
SAMTEX,,,,
MOTHERSON,,,,
SAMYAKINT,,,,
SEL,,,,
SANBLUE,,,,
SANCF,,,,
SANCTRN,,,,
SANCODE,,,,
SANDESH,,,,
SANDHAR,,,,
SANDUPHQ,,,,
SANDUMA,,,,
SANPA,,,,
SANGAMIND,,,,
SANGAMFIN,,,,
SANGHIIND,,,,
SBRANDS,,,,
SANGHVIMOV,,,,
SANJIVIN,,,,
SANINFRA,,,,
ZSANMCOM,,,,
SANOFI,,,,
SANTETX,,,,
SANSERA,,,,
SANTOSHF,,,,
SANWARIA,,,,
SAPPHIRE,,,,
SCBL,,,,
SPTRSHI,,,,
SAPL,,,,
ZSARACOM,,,,
SARDAEN,,,,
SRDAPRT,,,,
SAREGAMA,,,,
SARLAPOLY,,,,
SARTHAKGL,,,,
SARTHAKIND,,,,
SMLT,,,,
SARUPINDUS,,,,
ZSARVAMA,,,,
SARVESHWAR,,,,
SARVOTTAM,,,,
SASHWAT,,,,
SASKEN,,,,
SASTASUNDR,,,,
SATINDLTD,,,,
SATCH,,,,
SATIA,,,,
SATAGRI,,,,
SATIN,,,,
SATRAPROP,,,,
ZSATYASL,,,,
SAUMYA,,,,
SAURASHCEM,,,,
SAVFI,,,,
SAVINFOCO,,,,
7TEC,,,,
SAVERA,,,,
SOTL,,,,
SAWABUSI,,,,
SAYAJIHOTL,,,,
SAYAJIIND,,,,
SBC,,,,
SBECSUG,,,,
SBECSYS,,,,
SBFC,,,,
SETFSN50,,,,
SBICARD,,,,
SBILIFE,,,,
SETFBSE100,,,,
SBISENSEX,,,,
SETFNIF50,,,,
SETFNIFBK,,,,
SBLI,,,,
SCAGRO,,,,
SCANPRO,,,,
SCANSTL,,,,
SCANPGEOM,,,,
SCARNOSE,,,,
SCHAEFFLER,,,,
SCHNEIDER,,,,
SCC,,,,
SCOOBEEDAY,,,,
SCOOTER,,,,
SDC,,,,
SEATV,,,,
SEACOAST,,,,
SEALMATIC,,,,
SEAMECLTD,,,,
SEASONST,,,,
SECMARK,,,,
SECURCRED,,,,
SECURKLOUD,,,,
SEJAL,,,,
SELMCL,,,,
SELAN,,,,
SELLWIN,,,,
SEMAC,,,,
SENCO,,,,
SENINFO,,,,
SEPC,,,,
SEQUENT,,,,
SERA,,,,
SERVOTEACH,,,,
SESHAPAPER,,,,
SETCO,,,,
SETUINFRA,,,,
SEVENHILL,,,,
SEYAIND,,,,
SGFIN,,,,
SGMART,,,,
SGNTE,,,,
SHAHALLOYS,,,,
SHAHCON,,,,
SHAHFOOD,,,,
SHAH,,,,
SHAHISHIP,,,,
SHAHLON,,,,
SHAILY,,,,
SHAKTIPUMP,,,,
SHALBY,,,,
SAHLIBHFI,,,,
SAGL,,,,
SHALPAINTS,,,,
SHALPRO,,,,
SHALIWIR,,,,
SHAMROIN,,,,
SHANGAR,,,,
SRD,,,,
SHANKARA,,,,
SHANTAI,,,,
SHAQUAK,,,,
SHANTIGEAR,,,,
SEIL,,,,
SHANTIGURU,,,,
SISL,,,,
SIPTL,,,,
SHINDL,,,,
SHARDACROP,,,,
SHRDAIS,,,,
SHARDA,,,,
SHARDUL,,,,
SHAREINDIA,,,,
SHARIKA,,,,
SHARP,,,,
SHARPINV,,,,
SHARPLINE,,,,
SHASHIJIT,,,,
SFSL,,,,
SFL,,,,
SCPL,,,,
SHEETAL,,,,
SPYL,,,,
SIPL,,,,
SHELTER,,,,
SHEMAROO,,,,
ZSHERAPR,,,,
SHERVANI,,,,
SHESHAINDS,,,,
SHETR,,,,
SHIKHARLETR,,,,
SHILCTECH,,,,
SHILGRAVQ,,,,
SHILPAMED,,,,
SHINEFASH,,,,
SCI,,,,
SHISHIND,,,,
SHIVACEM,,,,
SHIVAAGRO,,,,
SHIVAEXPO,,,,
SHIVAMILLS,,,,
SHVSUIT,,,,
SHIVTEX,,,,
SHIVAGR,,,,
SHBCLQ,,,,
SHIVALIK,,,,
SHIVAMAUTO,,,,
SHIVA,,,,
SHIVKAMAL,,,,
SHOORA,,,,
SHOPERSTOP,,,,
SHRADDHA,,,,
SHRAAITECH,,,,
SAPPL,,,,
SBFL,,,,
SHREECEM,,,,
SHREDIGCEM,,,,
SHREEGANES,,,,
SHGANEL,,,,
SGRL,,,,
HANSUGAR,,,,
SHHARICH,,,,
SHKARTP,,,,
SKIFL,,,,
SKPMIL,,,,
SHRMFGC,,,,
SHREMETAL,,,,
SHREEPAC,,,,
SPSL,,,,
SHREEPUSHK,,,,
SHRAJSYNQ,,,,
SHREERAMA,,,,
RAMANEWS,,,,
RENUKA,,,,
SALSAIN,,,,
SHREESEC,,,,
SSWRL,,,,
STL,,,,
SHRENTI,,,,
SHREESHAY,,,,
SHVFL,,,,
SHREYANIND,,,,
SHREYASI,,,,
SHREYAS,,,,
SHBAJRG,,,,
SHRIDINE,,,,
SHRIGANG,,,,
SHRJAGP,,,,
SHKALYN,,,,
SKCIL,,,,
SHRIKRISH,,,,
SHRINIWAS,,,,
VASUPRADA,,,,
SVRL,,,,
SHRICON,,,,
SRAMSET,,,,
SHRIRAMFIN,,,,
SHRIRAMPPS,,,,
SHRISTI,,,,
SHRYDUS,,,,
SHUBHAM,,,,
SKRABUL,,,,
SHUKJEW,,,,
SHUKRAPHAR,,,,
SCFL,,,,
SHYAMMETL,,,,
SHYAMTEL,,,,
SHYAMAINFO,,,,
SHYMINV,,,,
SICAPIT,,,,
SIBARAUT,,,,
SICAGEN,,,,
SICALLOG,,,,
SIDDHA,,,,
SIDDHEGA,,,,
SIELFNS,,,,
SIEMENS,,,,
SIGACHI,,,,
SIGMA,,,,
SIGNATURE,,,,
SIGNETIND,,,,
SIKA,,,,
SIKOZY,,,,
SILINV,,,,
SRSOLTD,,,,
SILVOAK,,,,
SILVERO,,,,
SILVERPRL,,,,
SILVERTUC,,,,
SIMBHALS,,,,
SIMMOND,,,,
SIMPLEXCAS,,,,
SIMPLEXINF,,,,
SIMPLXMIL,,,,
SIMPLXPAP,,,,
SIMPLXREA,,,,
SIMRAN,,,,
SINCLAIR,,,,
SINDHUTRAD,,,,
SINDUVA,,,,
SINGER,,,,
SINNAR,,,,
SSLEL,,,,
SIRCA,,,,
SIROHIA,,,,
SIS,,,,
SITAENT,,,,
SITINET,,,,
SIYSIL,,,,
SIZEMASTER,,,,
SJCORP,,,,
SJVN,,,,
SKIEL,,,,
SKFINDIA,,,,
SKIL,,,,
SKIPPER,,,,
SKMEGGPROD,,,,
SKPSEC,,,,
SKYGOLD,,,,
SKYIND,,,,
SKYLMILAR,,,,
SMAUTO,,,,
SMARTFIN,,,,
SMARTLINK,,,,
SMCREDT,,,,
SMCGLOBAL,,,,
SMIFS,,,,
SMFIL,,,,
SMLISUZU,,,,
SMRUTHIORG,,,,
SMSLIFE,,,,
SMSPHARMA,,,,
SNL,,,,
SNOWMAN,,,,
SOBHA,,,,
SOBME,,,,
SOFCOM,,,,
SOFTBPO,,,,
SOFTRAKV,,,,
SOFTSOL,,,,
SOFTTECH,,,,
SOLARINDS,,,,
SOLARA,,,,
SOLIDSTON,,,,
SOLIMAC,,,,
SODFC,,,,
SDBL,,,,
SOMATEX,,,,
SOMANYCERA,,,,
SOMICONV,,,,
SONACOMS,,,,
SONALAD,,,,
SONAL,,,,
SONALIS,,,,
SONATSOFTW,,,,
SML,,,,
STRAEXPO,,,,
SOURCEIND,,,,
SOURCENTRL,,,,
SAENTER,,,,
STHINPA,,,,
SOUTHBANK,,,,
SOUTHWEST,,,,
ZSOUTGAS,,,,
SOUTHERNIN,,,,
SOUTLAT,,,,
SOUTHMG,,,,
SPIC,,,,
SOVERDIA,,,,
SPCAPIT,,,,
SPACAPS,,,,
SPACEINCUBA,,,,
SDL,,,,
SPANDANA,,,,
SPAR,,,,
SPECIALITY,,,,
SPECTRA,,,,
SPECFOOD,,,,
ZSPEEDCO,,,,
SPELS,,,,
SPENCER,,,,
SPENTA,,,,
SPENTEX,,,,
SPICEISL,,,,
SPICEJET,,,,
SPLIL,,,,
SPMLINFRA,,,,
SPORTKING,,,,
SPRAYKING,,,,
SPS,,,,
SPSINT,,,,
SPVGLOBAL,,,,
SFPIL,,,,
SREEJAYA,,,,
SRHHYPOLTD,,,,
SRECR,,,,
SREEL,,,,
SRESTHA,,,,
SRF,,,,
SRGHFL,,,,
SABTN,,,,
AMARNATH,,,,
HAVISHA,,,,
SRIKPRIND,,,,
SLSTLQ,,,,
SRINACHA,,,,
SRMCL,,,,
SRMENERGY,,,,
SRUSTEELS,,,,
SSPDL,,,,
SSPNFIN,,,,
STDBAT,,,,
STANCAP,,,,
SIL,,,,
STDSHOE,,,,
STDSFAC,,,,
STANPACK,,,,
STANROS,,,,
STARCEMENT,,,,
STARDELTA,,,,
STARHEALTH,,,,
STARHFL,,,,
STARPAPER,,,,
STARCOM,,,,
STARLENT,,,,
STARLIT,,,,
STARLITE,,,,
STARLOG,,,,
STARTECK,,,,
SBIN,,,,
STCINDIA,,,,
SAIL,,,,
STEELXIND,,,,
STLSTRINF,,,,
SSWL,,,,
STEELCAS,,,,
STML,,,,
STEL,,,,
STELLANT,,,,
STELLAR,,,,
STEP2COR,,,,
STEPHANOTIS,,,,
SWSOLAR,,,,
STRGRENWO,,,,
STRLGUA,,,,
STERPOW,,,,
STERTOOLS,,,,
STLTECH,,,,
SGL,,,,
STOVEKRAFT,,,,
STOVACQ,,,,
STRATMONT,,,,
STAR,,,,
STURDY,,,,
STYLAMIND,,,,
STYRENIX,,,,
SUBEX,,,,
SUBSM,,,,
SUBROS,,,,
SUDAI,,,,
SUDARSCHEM,,,,
SUDARSHAN,,,,
SUDIN,,,,
SUDTIND-B,,,,
SUERYAAKNI,,,,
SUGALDAM,,,,
SUJALA,,,,
SUKHJITS,,,,
SULA,,,,
SULABEN,,,,
SUMEDHA,,,,
SUMEETINDS,,,,
SUMERUIND,,,,
SUMICHEM,,,,
SUMMITSEC,,,,
SUMUKA,,,,
SPARC,,,,
SUNPHARMA,,,,
SUNRETAIL,,,,
SUNTV,,,,
SCTL,,,,
SUNCITYSY,,,,
SUNDRMBRAK,,,,
SUNDARMFIN,,,,
SUNDARAM,,,,
SUNDRMFAST,,,,
SUNFLAG,,,,
SUNGOLD,,,,
SMEL,,,,
SUNILAGR,,,,
SUNLOC,,,,
SUNILTX,,,,
SUNITATOOL,,,,
SUNRAJDI,,,,
SEML,,,,
SUNRINV,,,,
SUNSHIEL,,,,
SCL,,,,
SUNTECK,,,,
SUPERBAK,,,,
SUCROSA,,,,
SKL,,,,
SUPER,,,,
SUPERSPIN,,,,
SUPTANERY,,,,
SUPERHOUSE,,,,
SUPERIOR,,,,
SIEL,,,,
SUPERSHAKT,,,,
SUPERTEX,,,,
SUPRAPFSL,,,,
SUPRATRE,,,,
SUPRAJIT,,,,
SUPREME,,,,
SUPREMEIND,,,,
SUPREMEINF,,,,
SPLPETRO,,,,
SUPRIYA,,,,
SURJIND,,,,
SURAJLTD,,,,
SURAJ,,,,
SURANASOL,,,,
SURANAT&P,,,,
SURATRAML,,,,
SBGLP,,,,
SURBHIN,,,,
SURYAINDIA,,,,
SURYAROSNI,,,,
SURYAAMBA,,,,
SURYALAXMI,,,,
SURYALA,,,,
SURYVANSP,,,,
SURFI,,,,
SURYODAY,,,,
SUTLEJTEX,,,,
SUUMAYA,,,,
SUVEN,,,,
SUVENPHAR,,,,
SICL,,,,
SUVIDHAA,,,,
SGFRL,,,,
SUYOG,,,,
SUZLON,,,,
SVAINDIA,,,,
SVAMSOF,,,,
ZSVARAJT,,,,
SNIM,,,,
SVCIND,,,,
SVPGLOB,,,,
SVS,,,,
SW1,,,,
SWADEIN,,,,
SWADPOL,,,,
SWAGTAM,,,,
SWANENERGY,,,,
SWARAJENG,,,,
SWRNASE,,,,
SWARNSAR,,,,
SVARTCORP,,,,
SWASTIVI,,,,
ZSWASTSA,,,,
SWASTIKA,,,,
SWATIPRO,,,,
SWELECTES,,,,
SWISSMLTRY,,,,
SWITCHTE,,,,
SWOEF,,,,
SWORDEDGE,,,,
SYBLY,,,,
SYLPH,,,,
SYMBIOX,,,,
SYMPHONY,,,,
SYNCOMF,,,,
SGIL,,,,
SYNGENE,,,,
SYNTHFO,,,,
SYRMA,,,,
SYSCHEM,,,,
SYSTMTXC,,,,
SYTIXSE,,,,
TIGLOB,,,,
TDPOWERSYS,,,,
TTL,,,,
TSPIRITUAL,,,,
TAALENT,,,,
TAAZAINT,,,,
TAHMARENT,,,,
TAIIND,,,,
TAINWALCHM,,,,
TAJGVK,,,,
TAKE,,,,
TALBROAUTO,,,,
TALBROSENG,,,,
TAMBOLIIN,,,,
TNPL,,,,
TMB,,,,
TNPETRO,,,,
TNSTLTU,,,,
TNTELE,,,,
TANAA,,,,
TANFACIND,,,,
TANLA,,,,
TCLCONS,,,,
TANVI,,,,
TAPARIA,,,,
TARAI,,,,
TARAPUR,,,,
TARC,,,,
TARINI,,,,
TARMAT,,,,
TARSONS,,,,
TASHIND,,,,
TASTYBIT,,,,
TDSL,,,,
TATACHEM,,,,
TATACOFFEE,,,,
TATACOMM,,,,
TCS,,,,
TATACONSUM,,,,
TATAELXSI,,,,
TATAINVEST,,,,
TATAMETALI,,,,
TATAMTRDVR,,,,
TATAMOTORS,,,,
TATAPOWER,,,,
TATASTLLP,,,,
TATASTEEL,,,,
TTML,,,,
TATIAGLOB,,,,
TATVA,,,,
TAVERNIER,,,,
TRL,,,,
TATAYODOGA,,,,
TCC,,,,
TCFCFINQ,,,,
TCIEXP,,,,
TCIFINANCE,,,,
TCIIND,,,,
TCMLMTD,,,,
TCNSBRANDS,,,,
TCPLPACK,,,,
TEAMLEASE,,,,
TPHQ,,,,
TECHM,,,,
TECHIN,,,,
TECHKGREEN,,,,
TECHNOE,,,,
TIIL,,,,
TECHCON,,,,
TECHNOPACK,,,,
TECHNVISN,,,,
TRELCHE-B,,,,
TEEAI,,,,
TEGA,,,,
TEJASNET,,,,
TEJASSVI,,,,
TEJNAKSH,,,,
TELECANOR,,,,
TELESYS,,,,
TERASOFT,,,,
TERAI,,,,
TERRAFORM,,,,
TERRAREAL,,,,
TEXELIN,,,,
TEXINFRA,,,,
TEXRAIL,,,,
TEXMOPIPES,,,,
TGBHOTELS,,,,
TGVSL,,,,
THACKER,,,,
THAKDEV,,,,
THAKKERS,,,,
THAKRAL,,,,
THAMBBI,,,,
THANGAMAYL,,,,
ANUP,,,,
THEBYKE,,,,
HITECHGEAR,,,,
IWP,,,,
THEINVEST,,,,
NIACL,,,,
PHOENIXLTD,,,,
PHOSPHATE,,,,
RAMCOCEM,,,,
YSL,,,,
THEMISMED,,,,
THERMAX,,,,
THINKINK,,,,
TPROJECT,,,,
THIRDFIN,,,,
TIRUMALCHM,,,,
THOMASCOOK,,,,
THOMASCOTT,,,,
THYROCARE,,,,
TIAANC,,,,
TIDEWATER,,,,
TIERRA,,,,
TIGERLOGS,,,,
TIJARIA,,,,
TIL,,,,
TILAK,,,,
TI,,,,
TIMETECHNO,,,,
TIMESGREEN,,,,
TIMESGTY,,,,
TIMEX,,,,
TIMKEN,,,,
TINEAGRO,,,,
TINNARUBR,,,,
TINNATFL,,,,
TINPLATE,,,,
TIPSFILMS,,,,
TIPSINDLTD,,,,
TIRTPLS,,,,
TFLL,,,,
TIRUFOAM,,,,
TIRSARJ,,,,
TIRUSTA,,,,
TTIL,,,,
TITAANIUM,,,,
TITAGARH,,,,
TITANBIO,,,,
TITAN,,,,
TITANIN,,,,
TITANSEC,,,,
TVOLCON,,,,
TMTIND-B1,,,,
TOKYOFIN,,,,
TOKYOPLAST,,,,
TORNTPHARM,,,,
TORNTPOWER,,,,
TFCILTD,,,,
TOYAMSL,,,,
TPLPLAST,,,,
TRACXN,,,,
TRADEWELL,,,,
TIHIL,,,,
TRANSFRE,,,,
TRANSCHEM,,,,
TRANSCOR,,,,
TRIL,,,,
TRABI,,,,
TRANSFD,,,,
TREL,,,,
TRANOCE,,,,
TRANSPEK,,,,
TCI,,,,
TRANSVOY,,,,
TFL,,,,
TREEHOUSE,,,,
TREJHARA,,,,
TRENT,,,,
TRESCON,,,,
TRF,,,,
TBZ,,,,
TRICOMFRU,,,,
TLL,,,,
TRIDENT,,,,
TTFL,,,,
TRIGYN,,,,
TRILIANCE,,,,
TRIMURTHI,,,,
TRINITYLEA,,,,
TRIOMERC,,,,
TRIPR,,,,
TRISHAKT,,,,
TRITON,,,,
TRITONV,,,,
TRIVENI,,,,
TRIVENIENT,,,,
TRIVENIGQ,,,,
TRITURBINE,,,,
TRU,,,,
TTIENT,,,,
TTKHEALTH,,,,
TTKPRESTIG,,,,
TTLEL,,,,
TIINDIA,,,,
TULASEEBIOE,,,,
TULIVE,,,,
TULSYAN,,,,
TUNITEX,,,,
TUTIALKA,,,,
TVTODAY,,,,
TVVISION,,,,
TV18BRDCST,,,,
TVSELECT,,,,
TVSHLTD,,,,
TVSMOTOR,,,,
TVSSRICHAK,,,,
TVSSCS,,,,
21STCENMGM,,,,
TWIROST,,,,
TWINSTAR,,,,
TYCHE,,,,
TFSL,,,,
TYROON,,,,
UHZAVERI,,,,
UYFINCORP,,,,
UPHOT,,,,
UCAL,,,,
UCOBANK,,,,
UDAICEMENT,,,,
UDAYJEW,,,,
USK,,,,
UFLEX,,,,
UFO,,,,
UGARSUGAR,,,,
UGROCAP,,,,
UJJIVAN,,,,
UJJIVANSFB,,,,
ULTRACAB,,,,
ULTRAMAR,,,,
ULTRACEMCO,,,,
UMAEXPORTS,,,,
UMANGDAIR,,,,
UMIYA,,,,
UNIABEXAL,,,,
UNICHEMLAB,,,,
UNICK,,,,
UCIL,,,,
UNIJOLL,,,,
UNIMOVR,,,,
UNIONBANK,,,,
UNQTYMI,,,,
UNIPARTS,,,,
UNIPHOS,,,,
UNIQUEO,,,,
UNIROYAL,,,,
UNRYLMA,,,,
UNISHIRE,,,,
UNISON,,,,
UNISTRMU,,,,
UNITINT,,,,
UNITECH,,,,
UBL,,,,
UNITDCR,,,,
UNIDT,,,,
UNITEDINT,,,,
UNTTEMI,,,,
UNITDSPR,,,,
UNITEDTE,,,,
UVDRHOR,,,,
UNIVAFOODS,,,,
UNIVARTS,,,,
UNIAUTO,,,,
UNIVCABLES,,,,
UNIOFFICE,,,,
UNIVSTAR,,,,
UNIVPHOTO,,,,
UNIWORTH,,,,
UNIWSEC,,,,
UNJHAFOR,,,,
UNOMINDA,,,,
UDS,,,,
UPL,,,,
UPSURGE,,,,
URSUGAR,,,,
URAVI,,,,
URJAGLOBA,,,,
USGTECH,,,,
UMESLTD,,,,
USHAMART,,,,
USHAKIRA,,,,
USHDI,,,,
UTIAMC,,,,
UTINIFTETF,,,,
UTIBANKETF,,,,
NIFMID150,,,,
UTINEXT50,,,,
UTISENSETF,,,,
UTISXN50,,,,
UTIQUE,,,,
UTKARSHBNK,,,,
UTLINDS,,,,
UTTAMSUGAR,,,,
VBIND,,,,
VRFILMS,,,,
VRWODAR,,,,
VGUARD,,,,
VMART,,,,
VBDESAI,,,,
VIPIND,,,,
VSTTILLERS,,,,
V2RETAIL,,,,
WABAG,,,,
VAARAD,,,,
VADILENT,,,,
VADILALIND,,,,
VAGHANI,,,,
VAIBHAVGBL,,,,
VAKRANGEE,,,,
VALIANT,,,,
VALIANTLAB,,,,
VALIANTORG,,,,
VALLABHSQ,,,,
VALLEY,,,,
VALSONQ,,,,
VAMA,,,,
VAMSHIRU,,,,
VANDANA,,,,
VANICOM,,,,
VANTABIO,,,,
VKAL,,,,
VAPIENTER,,,,
VARDHANCFL,,,,
VARDHMAN,,,,
VHL,,,,
VARDMNPOLY,,,,
VSSL,,,,
VTL,,,,
VARIMAN,,,,
VARROC,,,,
VBL,,,,
VARUNME,,,,
VASINFRA,,,,
VASCONEQ,,,,
VASUDHAGAM,,,,
VRL,,,,
VASWANI,,,,
VAXHS,,,,
VEL,,,,
VBCFERROQ,,,,
VCU,,,,
VEDANTASSET,,,,
MANYAVAR,,,,
VEDL,,,,
VEDAVAAG,,,,
VEEFIN,,,,
VJLAXMIE,,,,
VEERENRGY,,,,
VGIL,,,,
VSL,,,,
VEERHEALTH,,,,
VEERKRUPA,,,,
VELHO,,,,
VELJAN,,,,
VELOXIND,,,,
VENKYS,,,,
VENLONENT,,,,
SHYAM,,,,
VENTURA,,,,
VENUSPIPES,,,,
VENUSREM,,,,
VERANDA,,,,
VERITAS,,,,
VERTEX,,,,
VESUVIUS,,,,
VETO,,,,
VIAANINDUS,,,,
VGCL,,,,
VICTMILL,,,,
VIDHIING,,,,
VIDLI,,,,
VIJSOLX,,,,
VIJAYTX,,,,
VIJAYA,,,,
VFL,,,,
VIKALPS,,,,
VIKASECO,,,,
VIKASLIFE,,,,
VIKASPROP,,,,
VIKASWSP,,,,
VIKRAMTH,,,,
VIKSHEN,,,,
VIMTALABS,,,,
VINATIORGA,,,,
VINAYAKPOL,,,,
VINDHYATEL,,,,
VINEETLAB,,,,
VINNY,,,,
VINCOFE,,,,
VINTAGES,,,,
VINTRON,,,,
VINYLINDIA,,,,
VINYOFL,,,,
VIPCLOTHNG,,,,
VIPPYSP,,,,
VIPUL,,,,
VIPULORG,,,,
VIRATCRA,,,,
VIRAT,,,,
VIRGOGLOB,,,,
VIRINCHI,,,,
VIRTUALG,,,,
VIRTUALS,,,,
VOEPL,,,,
VIRYA,,,,
VISASTEEL,,,,
VISAGAR,,,,
VIVIDHA,,,,
VISAKAIND,,,,
VISCO,,,,
VISESHINFO,,,,
VISHALBL,,,,
VISHAL,,,,
VISHNU,,,,
VPRPL,,,,
VISVEN,,,,
VISHWARAJ,,,,
VISIONCINE,,,,
VISIONCO,,,,
VISTAPH,,,,
VISTARAMAR,,,,
VITESSE,,,,
VIVAA,,,,
VIVANTA,,,,
VIVANZA,,,,
VIVIDIND,,,,
VIVIDM,,,,
VIVOBIOT,,,,
VJTFEDU,,,,
VKJINFRA,,,,
VLEGOV,,,,
VLSFINANCE,,,,
VMS,,,,
IDEA,,,,
VOITHPAPR,,,,
VOLLF,,,,
VOLTAMP,,,,
VOLTAS,,,,
VRLLOG,,,,
VPL,,,,
VSDCONF,,,,
VSFPROJ,,,,
VSTIND,,,,
VTMLTD,,,,
VUENOW,,,,
VXLINSTR,,,,
WHBRADY,,,,
WSIND,,,,
WAA,,,,
WAAREERTL,,,,
WAAREE,,,,
WAGEND,,,,
WALCHPF,,,,
WALCHANNAG,,,,
WALLFORT,,,,
WANBURY,,,,
WARDWIZFBL,,,,
WARDINMOBI,,,,
WARRENTEA,,,,
WATERBASE,,,,
WEWIN,,,,
WEBSL,,,,
WEBELSOLAR,,,,
WEIZMANIND,,,,
ZWELCAST,,,,
WELCURE,,,,
WELLNESS,,,,
WELCORP,,,,
WELENT,,,,
WELSPUNIND,,,,
WELINV,,,,
WELSPLSOL,,,,
WELTI,,,,
WENDT,,,,
WEPSOLN,,,,
WSTCSTPAPR,,,,
WESTLEIRES,,,,
WMINIMT,,,,
WESTLIFE,,,,
WHEELS,,,,
WHIRLPOOL,,,,
WHITHAL,,,,
WHITEORG,,,,
WORL,,,,
WILLIMFI,,,,
WILLAMAGOR,,,,
WIMPLAST,,,,
WINDLAS,,,,
WINDMACHIN,,,,
WINPRO,,,,
WINROC,,,,
WINSOMBR,,,,
WINSOMTX,,,,
WINSOME,,,,
WIPRO,,,,
WIREFABR,,,,
WOCKPHARMA,,,,
WOMENNET,,,,
WEL,,,,
WONDERLA,,,,
WOODSVILA,,,,
WWALUM,,,,
WORTH,,,,
WPIL,,,,
WSFX,,,,
XCHANGING,,,,
XELPMOC,,,,
XPROINDIA,,,,
XTGLOBAL,,,,
YAANENT,,,,
YAARI,,,,
YAMNINV,,,,
YARNSYN,,,,
YASHCHEM,,,,
YASHINNO,,,,
YASHMGM,,,,
YASTF,,,,
YASHO,,,,
YASHRAJC,,,,
YATHARTH,,,,
YATRA,,,,
YESBANK,,,,
YOGI,,,,
YOGISUNG,,,,
YORKEXP,,,,
YUG,,,,
YUKEN,,,,
YURANUS,,,,
YUVRAAJHPL,,,,
ZFSTEERING,,,,
ZAGGLE,,,,
ZEAL,,,,
ZEEL,,,,
ZEELEARN,,,,
ZEEMEDIA,,,,
ZENTEC,,,,
ZENITHEXPO,,,,
ZENIFIB,,,,
ZENITHHE,,,,
ZENITHSTL,,,,
ZENLABS,,,,
ZENOTECH,,,,
ZENSARTECH,,,,
ZFCVINDIA,,,,
ZIMLAB,,,,
ZINEMA,,,,
ZODIACLOTH,,,,
ZODIAC,,,,
ZODIACVEN,,,,
ZODJRDMKJ,,,,
ZOMATO,,,,
ZUARI,,,,
ZUARIIND,,,,
ZYDUSLIFE,,,,
ZYDUSWELL,,,,
